n_total,n_valid,n_nonzero,mean_clean,mean_transformed,mean_diff,median_diff,w_stat,raw_p,r_rb,ci_lower,ci_upper,test_status,model,seed,transformation,metric,test_family,rho,adjusted_p
48.0,48,48.0,0.15851486946063553,0.13202777841479704,0.02648709104583849,0.019735447666582598,250.0,0.0005265975903676868,0.5748299319727891,0.01270530331662871,0.04015999029248564,tested,efficientnet_b0,2024,brightening_sev1,SO,family_1_localization,,0.0007221909810756847
48.0,48,48.0,0.09154376257045016,0.0755080163176356,0.016035746252814554,0.01571582408686515,240.0,0.0003577744771057063,0.5918367346938775,0.007782159311351999,0.02431875741910305,tested,efficientnet_b0,2024,brightening_sev1,IoU,family_1_localization,,0.0005203992394264818
48.0,48,48.0,0.1450203271993614,0.12019585638159358,0.024824470817767768,0.014019289656244022,259.0,0.0007394011806973661,0.5595238095238095,0.011373268997729877,0.03882788551525259,tested,efficientnet_b0,2024,brightening_sev1,saliency_mass,family_1_localization,,0.0009858682409298214
48.0,48,44.0,0.1879753556751047,0.15142409607203977,0.03655125960306494,0.026171741361614778,185.0,0.00029681078525040875,0.6262626262626263,0.01719151606694578,0.05630266148688744,tested,efficientnet_b0,2024,brightening_sev1,hit_rate,family_1_localization,,0.0004452161778756131
48.0,48,48.0,0.18073034001608054,0.21088052552818423,-0.030150185512103623,-3.474159454085176e-08,479.0,0.2634318834116306,-0.18537414965986396,-0.05519425592014964,-0.007306685667586545,tested,efficientnet_b0,2024,brightening_sev1,faithfulness_blur,family_2_faithfulness,,0.3793419121127481
48.0,48,48.0,0.2970121706520467,0.36315544416345774,-0.06614327351141111,-0.04058614652792593,355.0,0.016824094740372005,-0.39625850340136054,-0.11505820004406624,-0.02130961063342819,tested,efficientnet_b0,2024,brightening_sev1,faithfulness_zero,family_2_faithfulness,,0.05336281342927115
48.0,48,48.0,0.2922586076337687,0.34309057078864696,-0.05083196315487822,-0.018882581790865847,435.0,0.11647401040019019,-0.2602040816326531,-0.09998699632021221,-0.00564812246311275,tested,efficientnet_b0,2024,brightening_sev1,faithfulness_mean,family_2_faithfulness,,0.22068759865299192
48.0,48,48.0,0.15851486946063553,0.09707988860560662,0.06143498085502893,0.04172130536200763,87.0,2.765988043844022e-07,0.8520408163265306,0.0426360351970699,0.07987706064603525,tested,efficientnet_b0,2024,brightening_sev2,SO,family_1_localization,,5.772496787152742e-07
48.0,48,48.0,0.09154376257045016,0.05435322973160193,0.03719053283884823,0.024968847587631356,73.0,1.2755178590730714e-07,0.8758503401360545,0.026914851405695363,0.048641360355390226,tested,efficientnet_b0,2024,brightening_sev2,IoU,family_1_localization,,2.943098348464344e-07
48.0,48,48.0,0.1450203271993614,0.09209461698693795,0.052925710212423406,0.030925059292824145,67.0,9.098241806577213e-08,0.8860544217687075,0.03521685303851217,0.07036237489496003,tested,efficientnet_b0,2024,brightening_sev2,saliency_mass,family_1_localization,,2.5673903816129324e-07
48.0,48,43.0,0.1879753556751047,0.10861651708539481,0.0793588385897099,0.049999999999999996,29.0,8.232240643154938e-08,0.9386892177589852,0.05698147251839431,0.10210391362476366,tested,efficientnet_b0,2024,brightening_sev2,hit_rate,family_1_localization,,2.4696721929464816e-07
48.0,48,48.0,0.18073034001608054,0.23746406923869737,-0.0567337292226168,-0.0004884040343399974,456.0,0.17564342088757545,-0.22448979591836735,-0.11094234875714928,-0.006374649017497381,tested,efficientnet_b0,2024,brightening_sev2,faithfulness_blur,family_2_faithfulness,,0.28741650690694165
48.0,48,48.0,0.2970121706520467,0.3793316847697361,-0.0823195141176895,-0.07999208961662493,405.0,0.06044406777480822,-0.3112244897959184,-0.14465958409109614,-0.02228509345861535,tested,efficientnet_b0,2024,brightening_sev2,faithfulness_zero,family_2_faithfulness,,0.1279992023466527
48.0,48,48.0,0.2922586076337687,0.3831554178864926,-0.09089681025272382,-0.10552105743830145,386.0,0.03822104691242829,-0.3435374149659864,-0.16133953535780662,-0.0252898396278408,tested,efficientnet_b0,2024,brightening_sev2,faithfulness_mean,family_2_faithfulness,,0.09828269206052988
48.0,48,48.0,0.15851486946063553,0.08711241750236935,0.07140245195826621,0.04773408132585966,43.0,2.2702042715716474e-08,0.9268707482993197,0.05250737013470325,0.09087691058369184,tested,efficientnet_b0,2024,brightening_sev3,SO,family_1_localization,,1.0896980503543907e-07
48.0,48,48.0,0.09154376257045016,0.04779383884982582,0.043749923720624355,0.02887086771028699,42.0,2.1398786709105285e-08,0.9285714285714286,0.033179630189646404,0.055295854871544224,tested,efficientnet_b0,2024,brightening_sev3,IoU,family_1_localization,,1.0896980503543907e-07
48.0,48,48.0,0.1450203271993614,0.08022441757326594,0.06479590962609544,0.042955261851011166,19.0,5.340337327988462e-09,0.967687074829932,0.0465164920771508,0.08425392520382655,tested,efficientnet_b0,2024,brightening_sev3,saliency_mass,family_1_localization,,5.126723834868924e-08
48.0,48,44.0,0.1879753556751047,0.08736142634052065,0.10061392933458406,0.06329113924050633,27.0,4.701251858658868e-08,0.9454545454545454,0.07531175859569458,0.12743825890825483,tested,efficientnet_b0,2024,brightening_sev3,hit_rate,family_1_localization,,2.0514553565056877e-07
48.0,48,48.0,0.18073034001608054,0.18065108801355587,7.925200252470917e-05,0.0061608136193260716,557.0,0.7504445150443041,0.05272108843537415,-0.03956817703587473,0.03822099271047871,tested,efficientnet_b0,2024,brightening_sev3,faithfulness_blur,family_2_faithfulness,,0.8186667436846954
48.0,48,48.0,0.2970121706520467,0.36883934784375727,-0.07182717719171065,-0.07900721088428492,494.0,0.33483557400817077,-0.1598639455782313,-0.1474611756908935,-0.0014621351197656148,tested,efficientnet_b0,2024,brightening_sev3,faithfulness_zero,family_2_faithfulness,,0.43050288086764815
48.0,48,48.0,0.2922586076337687,0.3897235805983315,-0.09746497296456279,-0.09245334170804637,405.0,0.06044406777480822,-0.3112244897959184,-0.18828828371568637,-0.011507839752729697,tested,efficientnet_b0,2024,brightening_sev3,faithfulness_mean,family_2_faithfulness,,0.1279992023466527
48.0,48,48.0,0.15851486946063553,0.18574767766621123,-0.027232808205575665,-0.02248564000844771,3.0,1.9693437397431797e-09,-0.9948979591836735,-0.033823208838470925,-0.02066244237502211,tested,efficientnet_b0,2024,darkening_sev1,SO,family_1_localization,,2.3632124876918158e-08
48.0,48,48.0,0.09154376257045016,0.10887695954234923,-0.01733319697189907,-0.01271403379842994,3.0,1.9693437397431797e-09,-0.9948979591836735,-0.021804355788644217,-0.013306357476426636,tested,efficientnet_b0,2024,darkening_sev1,IoU,family_1_localization,,2.3632124876918158e-08
48.0,48,48.0,0.1450203271993614,0.17259737772279973,-0.027577050523438406,-0.02097437769561354,1.0,1.73525464947783e-09,-0.9982993197278912,-0.03427442567165941,-0.021110123541295878,tested,efficientnet_b0,2024,darkening_sev1,saliency_mass,family_1_localization,,2.3632124876918158e-08
48.0,48,37.0,0.1879753556751047,0.22085670887669254,-0.03288135320158785,-0.014912280701754384,96.0,0.00011581472176869142,-0.7268847795163584,-0.049918977741474545,-0.017270335452331826,tested,efficientnet_b0,2024,darkening_sev1,hit_rate,family_1_localization,,0.00019169333258266166
48.0,48,37.0,0.18073034001608054,0.16398832462045773,0.016742015395622836,0.001109778447365815,218.0,0.04389927433091561,0.37980085348506404,0.0003001787238046512,0.03418645763632049,tested,efficientnet_b0,2024,darkening_sev1,faithfulness_blur,family_2_faithfulness,,0.10535825839419746
48.0,48,48.0,0.2970121706520467,0.3028819051646699,-0.005869734512623195,-0.0149335550187632,516.0,0.4600865051964784,-0.12244897959183673,-0.027400573999784992,0.015606916946574387,tested,efficientnet_b0,2024,darkening_sev1,faithfulness_zero,family_2_faithfulness,,0.5521038062357742
48.0,48,48.0,0.2922586076337687,0.28929167313858367,0.0029669344951851035,-0.018072775180107158,545.0,0.6590894294722867,-0.07312925170068027,-0.01888694679931971,0.025661572632272603,tested,efficientnet_b0,2024,darkening_sev1,faithfulness_mean,family_2_faithfulness,,0.7414756081563225
48.0,48,48.0,0.15851486946063553,0.1980751605803516,-0.039560291119716075,-0.03491727080366791,32.0,1.1781093329896175e-08,-0.9455782312925171,-0.04869290999570664,-0.030639723617408153,tested,efficientnet_b0,2024,darkening_sev2,SO,family_1_localization,,7.068655997937705e-08
48.0,48,48.0,0.09154376257045016,0.11639408470067987,-0.024850322130229707,-0.01985366714530352,28.0,9.252488843238163e-09,-0.9523809523809523,-0.0308300059805651,-0.01929386100981652,tested,efficientnet_b0,2024,darkening_sev2,IoU,family_1_localization,,6.344563778220454e-08
48.0,48,48.0,0.1450203271993614,0.18687100616678443,-0.04185067896742307,-0.03494907668061936,2.0,1.8486924621626562e-09,-0.9965986394557823,-0.050378581721237124,-0.03338601079455573,tested,efficientnet_b0,2024,darkening_sev2,saliency_mass,family_1_localization,,2.3632124876918158e-08
48.0,48,39.0,0.1879753556751047,0.2325094968118989,-0.04453414113679419,-0.02631578947368421,69.5,7.704674551627174e-06,-0.8217948717948718,-0.062392739952425176,-0.026299624195887075,tested,efficientnet_b0,2024,darkening_sev2,hit_rate,family_1_localization,,1.3697199202892755e-05
48.0,48,37.0,0.18073034001608054,0.1709141895158981,0.009816150500182448,0.0,347.0,0.9458468679963904,0.012802275960170697,-0.01581072719156733,0.03706379977261388,tested,efficientnet_b0,2024,darkening_sev2,faithfulness_blur,family_2_faithfulness,,0.9458468679963903
48.0,48,48.0,0.2970121706520467,0.3652170318719527,-0.068204861219906,-0.04017572880278936,324.0,0.00675712390142867,-0.4489795918367347,-0.11851755112693382,-0.022800208348729763,tested,efficientnet_b0,2024,darkening_sev2,faithfulness_zero,family_2_faithfulness,,0.02432564604514321
48.0,48,48.0,0.2922586076337687,0.33416467675649936,-0.04190606912273059,-0.053634128167708184,440.0,0.1289015087660543,-0.25170068027210885,-0.0939627231671946,0.006561242895072963,tested,efficientnet_b0,2024,darkening_sev2,faithfulness_mean,family_2_faithfulness,,0.23202271577889774
48.0,48,48.0,0.15851486946063553,0.18232474347528946,-0.023809874014653915,-0.017267934308915434,316.0,0.0052725897594241315,-0.46258503401360546,-0.04046711215489031,-0.0062023724707156265,tested,efficientnet_b0,2024,darkening_sev3,SO,family_1_localization,,0.006327107711308957
48.0,48,48.0,0.09154376257045016,0.10647602086956941,-0.014932258299119256,-0.008213779461236788,326.0,0.00720277315018863,-0.445578231292517,-0.02619031885507082,-0.003249289209800687,tested,efficientnet_b0,2024,darkening_sev3,IoU,family_1_localization,,0.008432514907537908
48.0,48,48.0,0.1450203271993614,0.17859371385301473,-0.033573386653653364,-0.03052491637519754,267.0,0.0009930765305838085,-0.5459183673469388,-0.051090959611290454,-0.01671268043859844,tested,efficientnet_b0,2024,darkening_sev3,saliency_mass,family_1_localization,,0.0012883154991357516
48.0,48,43.0,0.1879753556751047,0.23383357054143383,-0.04585821486632911,-0.025158227848101275,271.5,0.01496087918350865,-0.4260042283298097,-0.07802941382896333,-0.013353742888592148,tested,efficientnet_b0,2024,darkening_sev3,hit_rate,family_1_localization,,0.016700516297870123
48.0,48,48.0,0.18073034001608054,0.2060247523374792,-0.02529441232139866,4.5269350462321995e-09,476.0,0.2505164988907852,-0.19047619047619047,-0.06155329905808155,0.006862762223161325,tested,efficientnet_b0,2024,darkening_sev3,faithfulness_blur,family_2_faithfulness,,0.3757747483361778
48.0,48,48.0,0.2970121706520467,0.42284669718192647,-0.12583452652987978,-0.10000856783937317,271.0,0.001144544350841029,-0.5391156462585034,-0.19363700282787816,-0.06103154919466459,tested,efficientnet_b0,2024,darkening_sev3,faithfulness_zero,family_2_faithfulness,,0.005886228090039578
48.0,48,48.0,0.2922586076337687,0.44048164245697197,-0.14822303482320323,-0.13159105890794898,302.0,0.003343029811500476,-0.48639455782312924,-0.2313228489441298,-0.06671716851775836,tested,efficientnet_b0,2024,darkening_sev3,faithfulness_mean,family_2_faithfulness,,0.013372119246001905
48.0,48,48.0,0.15851486946063553,0.12406848876194315,0.03444638069869239,0.02298232016804924,62.0,6.846420615568078e-08,0.8945578231292517,0.024362794475034758,0.045204936683041985,tested,efficientnet_b0,2024,jpeg_sev1,SO,family_1_localization,,2.4696721929464816e-07
48.0,48,48.0,0.09154376257045016,0.06918644986759152,0.022357312702858654,0.012499468211430106,74.0,1.348920076379491e-07,0.8741496598639455,0.01598294685170289,0.029417015157972612,tested,efficientnet_b0,2024,jpeg_sev1,IoU,family_1_localization,,2.943098348464344e-07
48.0,48,48.0,0.1450203271993614,0.11602386210005422,0.028996465099307145,0.018445960006507063,28.0,9.252488843238163e-09,0.9523809523809523,0.019990178390571534,0.03872767584441123,tested,efficientnet_b0,2024,jpeg_sev1,saliency_mass,family_1_localization,,6.344563778220454e-08
48.0,48,41.0,0.1879753556751047,0.1439424216207333,0.044032934054371385,0.035654008438818566,37.0,3.4057195381690767e-07,0.9140534262485482,0.029764444648659894,0.058806991599097115,tested,efficientnet_b0,2024,jpeg_sev1,hit_rate,family_1_localization,,6.811439076338152e-07
48.0,48,37.0,0.18073034001608054,0.1463383872254251,0.03439195279065547,0.0,265.0,0.19167756618275256,0.2460881934566145,-0.01923314073709862,0.08700857146259165,tested,efficientnet_b0,2024,jpeg_sev1,faithfulness_blur,family_2_faithfulness,,0.3000170601121344
48.0,48,48.0,0.2970121706520467,0.2520779707496732,0.04493419990237348,-0.0008216728106755687,544.0,0.6516793232815836,0.07482993197278912,-0.02072912795989705,0.10933696350606016,tested,efficientnet_b0,2024,jpeg_sev1,faithfulness_zero,family_2_faithfulness,,0.7414756081563225
48.0,48,48.0,0.2922586076337687,0.24902164523595452,0.04323696239781424,0.009091330986273932,484.0,0.2859639398724221,0.17687074829931973,-0.023413177188613098,0.1077985616310169,tested,efficientnet_b0,2024,jpeg_sev1,faithfulness_mean,family_2_faithfulness,,0.39595007059258447
48.0,48,48.0,0.15851486946063553,0.07542017902137028,0.08309469043926526,0.06285961485849895,70.0,1.0777587072384614e-07,0.8809523809523809,0.06000668238485456,0.10824903747067337,tested,efficientnet_b0,2024,jpeg_sev2,SO,family_1_localization,,2.722758839339271e-07
48.0,48,48.0,0.09154376257045016,0.03991313206532871,0.051630630505121455,0.03583569310429012,65.0,8.122561452152078e-08,0.8894557823129252,0.03706462405819818,0.06855203014817599,tested,efficientnet_b0,2024,jpeg_sev2,IoU,family_1_localization,,2.4696721929464816e-07
48.0,48,48.0,0.1450203271993614,0.07287871639887851,0.07214161080048286,0.058076430976226244,98.0,5.010629103527732e-07,0.8333333333333334,0.05132347434156162,0.09465920661661781,tested,efficientnet_b0,2024,jpeg_sev2,saliency_mass,family_1_localization,,9.620407878773246e-07
48.0,48,44.0,0.1879753556751047,0.07152008746077115,0.11645526821433357,0.07824313992014273,43.0,1.3238678020689095e-07,0.9131313131313131,0.08431764593045421,0.1513735535962321,tested,efficientnet_b0,2024,jpeg_sev2,hit_rate,family_1_localization,,2.943098348464344e-07
48.0,48,45.0,0.18073034001608054,0.05150235139318409,0.12922798862289647,0.050371018730501246,209.0,0.0004950317938921483,0.5961352657004831,0.0631927805064915,0.19239839479586787,tested,efficientnet_b0,2024,jpeg_sev2,faithfulness_blur,family_2_faithfulness,,0.0029701907633528893
48.0,48,48.0,0.2970121706520467,0.17838188729874405,0.11863028335330263,0.18344710774201856,357.0,0.017787604476423715,0.39285714285714285,0.0076996120670094655,0.22270337030875448,tested,efficientnet_b0,2024,jpeg_sev2,faithfulness_zero,family_2_faithfulness,,0.05336281342927115
48.0,48,48.0,0.2922586076337687,0.17446950383929807,0.11778910379447065,0.18075615926848126,378.0,0.031196709732934015,0.35714285714285715,-0.0015809382600549709,0.22395490166765467,tested,efficientnet_b0,2024,jpeg_sev2,faithfulness_mean,family_2_faithfulness,,0.0863908884912019
48.0,48,48.0,0.15851486946063553,0.05707363504480493,0.10144123441583064,0.09215978981677204,68.0,9.627713931048497e-08,0.8843537414965986,0.07617929175495179,0.12837857087893598,tested,efficientnet_b0,2024,jpeg_sev3,SO,family_1_localization,,2.5673903816129324e-07
48.0,48,48.0,0.09154376257045016,0.028488055081153874,0.06305570748929629,0.05353436191001294,65.0,8.122561452152078e-08,0.8894557823129252,0.04771948528332333,0.08039389234687935,tested,efficientnet_b0,2024,jpeg_sev3,IoU,family_1_localization,,2.4696721929464816e-07
48.0,48,48.0,0.1450203271993614,0.05405000796727675,0.09097031923208461,0.08210990648459074,64.0,7.673512950081698e-08,0.891156462585034,0.06824411414253685,0.11470495417681,tested,efficientnet_b0,2024,jpeg_sev3,saliency_mass,family_1_localization,,2.4696721929464816e-07
48.0,48,46.0,0.1879753556751047,0.05722987956999857,0.13074547610510615,0.13466494845360824,82.0,5.452695936643849e-07,0.8482886216466234,0.09386930308484595,0.1695285769463623,tested,efficientnet_b0,2024,jpeg_sev3,hit_rate,family_1_localization,,1.006651557534249e-06
48.0,48,48.0,0.18073034001608054,0.04462014167928017,0.1361101983368004,0.1057727166016052,288.0,0.0020844033533819087,0.5102040816326531,0.05992563784670054,0.21019849229437926,tested,efficientnet_b0,2024,jpeg_sev3,faithfulness_blur,family_2_faithfulness,,0.00937981509021859
48.0,48,48.0,0.2970121706520467,0.2227801592551509,0.07423201139689578,0.26061291657397634,455.0,0.1723941489597799,0.2261904761904762,-0.05892545436285102,0.201349402441545,tested,efficientnet_b0,2024,jpeg_sev3,faithfulness_zero,family_2_faithfulness,,0.28741650690694165
48.0,48,48.0,0.2922586076337687,0.26827342177580116,0.02398518585796756,0.19570073970707372,576.0,0.9020141311151602,-0.02040816326530612,-0.13117229355379123,0.17010406866131997,tested,efficientnet_b0,2024,jpeg_sev3,faithfulness_mean,family_2_faithfulness,,0.9277859634327362
48.0,48,48.0,0.15851486946063553,0.17583238783990804,-0.017317518379272454,-0.005799734139692092,220.0,0.00016029192791172772,-0.6258503401360545,-0.02605261255290735,-0.008421696091355502,tested,efficientnet_b0,2024,resize_sev1,SO,family_1_localization,,0.00025646708465876434
48.0,48,48.0,0.09154376257045016,0.10257553941644754,-0.011031776845997368,-0.003700875820903171,232.0,0.00026073938494159147,-0.6054421768707483,-0.017300884628658385,-0.005174308129180796,tested,efficientnet_b0,2024,resize_sev1,IoU,family_1_localization,,0.0004037254992643997
48.0,48,48.0,0.1450203271993614,0.16155449498372962,-0.01653416778436825,-0.003265355476663137,206.0,8.922939632132496e-05,-0.6496598639455783,-0.02493786910026857,-0.008009922923828808,tested,efficientnet_b0,2024,resize_sev1,saliency_mass,family_1_localization,,0.00015296467940798564
48.0,48,37.0,0.1879753556751047,0.2117487430037461,-0.023773387328641375,-0.01315789473684209,116.0,0.00038039307162951816,-0.6699857752489331,-0.035177254689192805,-0.012850135792870414,tested,efficientnet_b0,2024,resize_sev1,hit_rate,family_1_localization,,0.0005370255128887315
48.0,48,37.0,0.18073034001608054,0.1062937754935276,0.07443656452255296,0.01541243573721041,40.0,2.5789525387935074e-06,0.8862019914651493,0.04447880707134518,0.1061501857581567,tested,efficientnet_b0,2024,resize_sev1,faithfulness_blur,family_2_faithfulness,,9.284229139656626e-05
48.0,48,48.0,0.2970121706520467,0.3007965608352358,-0.003784390183189134,0.0007911942773294275,572.0,0.869607915853374,0.027210884353741496,-0.021000562790451736,0.011020657676404727,tested,efficientnet_b0,2024,resize_sev1,faithfulness_zero,family_2_faithfulness,,0.9207613226682784
48.0,48,48.0,0.2922586076337687,0.2868164891011933,0.005442118532575452,0.008498259757376767,487.0,0.30009105952754045,0.1717687074829932,-0.015799045262554733,0.02568704716053515,tested,efficientnet_b0,2024,resize_sev1,faithfulness_mean,family_2_faithfulness,,0.40012141270338725
48.0,48,48.0,0.15851486946063553,0.17252875390176262,-0.014013884441127078,-0.004713597885189769,306.0,0.003822380566250477,-0.47959183673469385,-0.02342881943690206,-0.0031943836298475893,tested,efficientnet_b0,2024,resize_sev2,SO,family_1_localization,,0.004828270188947971
48.0,48,48.0,0.09154376257045016,0.09906070105586094,-0.0075169384854107705,-0.0024808036290368957,316.0,0.0052725897594241315,-0.46258503401360546,-0.013642300408487365,-0.00031190376845500106,tested,efficientnet_b0,2024,resize_sev2,IoU,family_1_localization,,0.006327107711308957
48.0,48,48.0,0.1450203271993614,0.15989836500146545,-0.014878037802104055,-0.002268136972418594,341.0,0.011294050627544508,-0.4200680272108844,-0.025376769138149135,-0.0036335063331653004,tested,efficientnet_b0,2024,resize_sev2,saliency_mass,family_1_localization,,0.012907486431479437
48.0,48,37.0,0.1879753556751047,0.2038172249336445,-0.01584186925853975,-0.012658227848101278,224.0,0.05437591449204363,-0.3627311522048364,-0.032565617786462386,0.001877967819532163,tested,efficientnet_b0,2024,resize_sev2,hit_rate,family_1_localization,,0.05931917944586578
48.0,48,37.0,0.18073034001608054,0.08800520190732523,0.09272513810875538,0.011609547947709624,72.0,2.4563018135379268e-05,0.7951635846372689,0.055902256823679705,0.12790296434748602,tested,efficientnet_b0,2024,resize_sev2,faithfulness_blur,family_2_faithfulness,,0.0002947562176245512
48.0,48,48.0,0.2970121706520467,0.3275462568235476,-0.03053408617150093,0.003087115625982466,415.0,0.07590737376272218,-0.2942176870748299,-0.050167619457434344,-0.010614547841263079,tested,efficientnet_b0,2024,resize_sev2,faithfulness_zero,family_2_faithfulness,,0.15181474752544435
48.0,48,48.0,0.2922586076337687,0.3154312664044495,-0.023172658770680796,0.0001361737636948539,504.0,0.38878557803081815,-0.14285714285714285,-0.04584958158689074,-0.0011635052704154585,tested,efficientnet_b0,2024,resize_sev2,faithfulness_mean,family_2_faithfulness,,0.4826303727279122
48.0,48,48.0,0.15851486946063553,0.17382237959821709,-0.01530751013758152,-0.002486375762579358,461.0,0.19270021607320753,-0.21598639455782312,-0.03294489927939708,0.00071811411748498,tested,efficientnet_b0,2024,resize_sev3,SO,family_1_localization,,0.2055468971447547
48.0,48,48.0,0.09154376257045016,0.10138556562737948,-0.00984180305692932,-0.0026455389665801573,464.0,0.20342223729810416,-0.2108843537414966,-0.02255123802943778,0.0007795998271780513,tested,efficientnet_b0,2024,resize_sev3,IoU,family_1_localization,,0.20775037000657445
48.0,48,48.0,0.1450203271993614,0.16279474598993057,-0.017774418790569207,-0.0008361893386391777,469.0,0.22224621117009002,-0.20238095238095238,-0.035907922063887036,-0.0014362932250929776,tested,efficientnet_b0,2024,resize_sev3,saliency_mass,family_1_localization,,0.22224621117009002
48.0,48,41.0,0.1879753556751047,0.2093993802236993,-0.021424024548594617,0.0,332.0,0.20175320775895744,-0.22880371660859466,-0.04550971009246857,0.002543390494802197,tested,efficientnet_b0,2024,resize_sev3,hit_rate,family_1_localization,,0.20775037000657445
48.0,48,38.0,0.18073034001608054,0.03504814769468278,0.14568219232139779,0.014183379120192085,62.0,7.602932642063265e-06,0.8326585695006747,0.0899990268355423,0.20346297892068235,tested,efficientnet_b0,2024,resize_sev3,faithfulness_blur,family_2_faithfulness,,0.00013685278755713878
48.0,48,48.0,0.2970121706520467,0.20801838564431094,0.08899378500773575,0.0801236496944177,228.0,0.00022116930736588183,0.6122448979591837,0.03508199484172433,0.1352627662725831,tested,efficientnet_b0,2024,resize_sev3,faithfulness_zero,family_2_faithfulness,,0.001592419013034349
48.0,48,48.0,0.2922586076337687,0.20955451969728423,0.0827040879364845,0.06456795414811771,218.0,0.00014697843160516282,0.6292517006802721,0.028178393001280753,0.13129989707862533,tested,efficientnet_b0,2024,resize_sev3,faithfulness_mean,family_2_faithfulness,,0.0013228058844464655
48.0,0,0.0,,,,,,,,,,not_tested_small_n,efficientnet_b0,2024,brightening_sev1,ES_cos,family_3_stability,,
48.0,0,0.0,,,,,,,,,,not_tested_small_n,efficientnet_b0,2024,brightening_sev1,explanation_IoU,family_3_stability,,
48.0,0,0.0,,,,,,,,,,not_tested_small_n,efficientnet_b0,2024,brightening_sev2,ES_cos,family_3_stability,,
48.0,0,0.0,,,,,,,,,,not_tested_small_n,efficientnet_b0,2024,brightening_sev2,explanation_IoU,family_3_stability,,
48.0,0,0.0,,,,,,,,,,not_tested_small_n,efficientnet_b0,2024,brightening_sev3,ES_cos,family_3_stability,,
48.0,0,0.0,,,,,,,,,,not_tested_small_n,efficientnet_b0,2024,brightening_sev3,explanation_IoU,family_3_stability,,
48.0,0,0.0,,,,,,,,,,not_tested_small_n,efficientnet_b0,2024,darkening_sev1,ES_cos,family_3_stability,,
48.0,0,0.0,,,,,,,,,,not_tested_small_n,efficientnet_b0,2024,darkening_sev1,explanation_IoU,family_3_stability,,
48.0,0,0.0,,,,,,,,,,not_tested_small_n,efficientnet_b0,2024,darkening_sev2,ES_cos,family_3_stability,,
48.0,0,0.0,,,,,,,,,,not_tested_small_n,efficientnet_b0,2024,darkening_sev2,explanation_IoU,family_3_stability,,
48.0,0,0.0,,,,,,,,,,not_tested_small_n,efficientnet_b0,2024,darkening_sev3,ES_cos,family_3_stability,,
48.0,0,0.0,,,,,,,,,,not_tested_small_n,efficientnet_b0,2024,darkening_sev3,explanation_IoU,family_3_stability,,
48.0,0,0.0,,,,,,,,,,not_tested_small_n,efficientnet_b0,2024,jpeg_sev1,ES_cos,family_3_stability,,
48.0,0,0.0,,,,,,,,,,not_tested_small_n,efficientnet_b0,2024,jpeg_sev1,explanation_IoU,family_3_stability,,
48.0,0,0.0,,,,,,,,,,not_tested_small_n,efficientnet_b0,2024,jpeg_sev2,ES_cos,family_3_stability,,
48.0,0,0.0,,,,,,,,,,not_tested_small_n,efficientnet_b0,2024,jpeg_sev2,explanation_IoU,family_3_stability,,
48.0,0,0.0,,,,,,,,,,not_tested_small_n,efficientnet_b0,2024,jpeg_sev3,ES_cos,family_3_stability,,
48.0,0,0.0,,,,,,,,,,not_tested_small_n,efficientnet_b0,2024,jpeg_sev3,explanation_IoU,family_3_stability,,
48.0,0,0.0,,,,,,,,,,not_tested_small_n,efficientnet_b0,2024,resize_sev1,ES_cos,family_3_stability,,
48.0,0,0.0,,,,,,,,,,not_tested_small_n,efficientnet_b0,2024,resize_sev1,explanation_IoU,family_3_stability,,
48.0,0,0.0,,,,,,,,,,not_tested_small_n,efficientnet_b0,2024,resize_sev2,ES_cos,family_3_stability,,
48.0,0,0.0,,,,,,,,,,not_tested_small_n,efficientnet_b0,2024,resize_sev2,explanation_IoU,family_3_stability,,
48.0,0,0.0,,,,,,,,,,not_tested_small_n,efficientnet_b0,2024,resize_sev3,ES_cos,family_3_stability,,
48.0,0,0.0,,,,,,,,,,not_tested_small_n,efficientnet_b0,2024,resize_sev3,explanation_IoU,family_3_stability,,
,12,,,,,,,2.512242633933592e-05,,,,tested,efficientnet_b0,2024,brightening_sev1,SO_vs_blur,family_4a_loc_faith,-0.5683180843933824,0.00011305091852701164
,12,,,,,,,0.0220084796366906,,,,tested,efficientnet_b0,2024,brightening_sev1,SO_vs_zero,family_4a_loc_faith,-0.3299453147040438,0.024759539591276927
,12,,,,,,,0.0010993607900029465,,,,tested,efficientnet_b0,2024,brightening_sev1,SO_vs_mean,family_4a_loc_faith,-0.456813908529289,0.002730162971122293
,12,,,,,,,0.0012791648450294789,,,,tested,efficientnet_b0,2024,brightening_sev1,IoU_vs_blur,family_4a_loc_faith,-0.45144004818397004,0.002730162971122293
,12,,,,,,,0.10417664161347266,,,,tested,efficientnet_b0,2024,brightening_sev1,IoU_vs_zero,family_4a_loc_faith,-0.23743017044930206,0.10417664161347266
,12,,,,,,,0.013093477176119148,,,,tested,efficientnet_b0,2024,brightening_sev1,IoU_vs_mean,family_4a_loc_faith,-0.3557104018819213,0.019640215764178723
,12,,,,,,,1.548708666019006e-05,,,,tested,efficientnet_b0,2024,brightening_sev1,SM_vs_blur,family_4a_loc_faith,-0.5801261554042493,0.00011305091852701164
,12,,,,,,,0.021232369784206978,,,,tested,efficientnet_b0,2024,brightening_sev1,SM_vs_zero,family_4a_loc_faith,-0.3317934433201785,0.024759539591276927
,12,,,,,,,0.0015167572061790518,,,,tested,efficientnet_b0,2024,brightening_sev1,SM_vs_mean,family_4a_loc_faith,-0.4452902830404493,0.002730162971122293
,12,,,,,,,2.512242633933592e-05,,,,tested,efficientnet_b0,2024,brightening_sev2,SO_vs_blur,family_4a_loc_faith,-0.5683180843933824,0.00011305091852701164
,12,,,,,,,0.0220084796366906,,,,tested,efficientnet_b0,2024,brightening_sev2,SO_vs_zero,family_4a_loc_faith,-0.3299453147040438,0.024759539591276927
,12,,,,,,,0.0010993607900029465,,,,tested,efficientnet_b0,2024,brightening_sev2,SO_vs_mean,family_4a_loc_faith,-0.456813908529289,0.002730162971122293
,12,,,,,,,0.0012791648450294789,,,,tested,efficientnet_b0,2024,brightening_sev2,IoU_vs_blur,family_4a_loc_faith,-0.45144004818397004,0.002730162971122293
,12,,,,,,,0.10417664161347266,,,,tested,efficientnet_b0,2024,brightening_sev2,IoU_vs_zero,family_4a_loc_faith,-0.23743017044930206,0.10417664161347266
,12,,,,,,,0.013093477176119148,,,,tested,efficientnet_b0,2024,brightening_sev2,IoU_vs_mean,family_4a_loc_faith,-0.3557104018819213,0.019640215764178723
,12,,,,,,,1.548708666019006e-05,,,,tested,efficientnet_b0,2024,brightening_sev2,SM_vs_blur,family_4a_loc_faith,-0.5801261554042493,0.00011305091852701164
,12,,,,,,,0.021232369784206978,,,,tested,efficientnet_b0,2024,brightening_sev2,SM_vs_zero,family_4a_loc_faith,-0.3317934433201785,0.024759539591276927
,12,,,,,,,0.0015167572061790518,,,,tested,efficientnet_b0,2024,brightening_sev2,SM_vs_mean,family_4a_loc_faith,-0.4452902830404493,0.002730162971122293
,12,,,,,,,2.512242633933592e-05,,,,tested,efficientnet_b0,2024,brightening_sev3,SO_vs_blur,family_4a_loc_faith,-0.5683180843933824,0.00011305091852701164
,12,,,,,,,0.0220084796366906,,,,tested,efficientnet_b0,2024,brightening_sev3,SO_vs_zero,family_4a_loc_faith,-0.3299453147040438,0.024759539591276927
,12,,,,,,,0.0010993607900029465,,,,tested,efficientnet_b0,2024,brightening_sev3,SO_vs_mean,family_4a_loc_faith,-0.456813908529289,0.002730162971122293
,12,,,,,,,0.0012791648450294789,,,,tested,efficientnet_b0,2024,brightening_sev3,IoU_vs_blur,family_4a_loc_faith,-0.45144004818397004,0.002730162971122293
,12,,,,,,,0.10417664161347266,,,,tested,efficientnet_b0,2024,brightening_sev3,IoU_vs_zero,family_4a_loc_faith,-0.23743017044930206,0.10417664161347266
,12,,,,,,,0.013093477176119148,,,,tested,efficientnet_b0,2024,brightening_sev3,IoU_vs_mean,family_4a_loc_faith,-0.3557104018819213,0.019640215764178723
,12,,,,,,,1.548708666019006e-05,,,,tested,efficientnet_b0,2024,brightening_sev3,SM_vs_blur,family_4a_loc_faith,-0.5801261554042493,0.00011305091852701164
,12,,,,,,,0.021232369784206978,,,,tested,efficientnet_b0,2024,brightening_sev3,SM_vs_zero,family_4a_loc_faith,-0.3317934433201785,0.024759539591276927
,12,,,,,,,0.0015167572061790518,,,,tested,efficientnet_b0,2024,brightening_sev3,SM_vs_mean,family_4a_loc_faith,-0.4452902830404493,0.002730162971122293
,12,,,,,,,2.512242633933592e-05,,,,tested,efficientnet_b0,2024,darkening_sev1,SO_vs_blur,family_4a_loc_faith,-0.5683180843933824,0.00011305091852701164
,12,,,,,,,0.0220084796366906,,,,tested,efficientnet_b0,2024,darkening_sev1,SO_vs_zero,family_4a_loc_faith,-0.3299453147040438,0.024759539591276927
,12,,,,,,,0.0010993607900029465,,,,tested,efficientnet_b0,2024,darkening_sev1,SO_vs_mean,family_4a_loc_faith,-0.456813908529289,0.002730162971122293
,12,,,,,,,0.0012791648450294789,,,,tested,efficientnet_b0,2024,darkening_sev1,IoU_vs_blur,family_4a_loc_faith,-0.45144004818397004,0.002730162971122293
,12,,,,,,,0.10417664161347266,,,,tested,efficientnet_b0,2024,darkening_sev1,IoU_vs_zero,family_4a_loc_faith,-0.23743017044930206,0.10417664161347266
,12,,,,,,,0.013093477176119148,,,,tested,efficientnet_b0,2024,darkening_sev1,IoU_vs_mean,family_4a_loc_faith,-0.3557104018819213,0.019640215764178723
,12,,,,,,,1.548708666019006e-05,,,,tested,efficientnet_b0,2024,darkening_sev1,SM_vs_blur,family_4a_loc_faith,-0.5801261554042493,0.00011305091852701164
,12,,,,,,,0.021232369784206978,,,,tested,efficientnet_b0,2024,darkening_sev1,SM_vs_zero,family_4a_loc_faith,-0.3317934433201785,0.024759539591276927
,12,,,,,,,0.0015167572061790518,,,,tested,efficientnet_b0,2024,darkening_sev1,SM_vs_mean,family_4a_loc_faith,-0.4452902830404493,0.002730162971122293
,12,,,,,,,2.512242633933592e-05,,,,tested,efficientnet_b0,2024,darkening_sev2,SO_vs_blur,family_4a_loc_faith,-0.5683180843933824,0.00011305091852701164
,12,,,,,,,0.0220084796366906,,,,tested,efficientnet_b0,2024,darkening_sev2,SO_vs_zero,family_4a_loc_faith,-0.3299453147040438,0.024759539591276927
,12,,,,,,,0.0010993607900029465,,,,tested,efficientnet_b0,2024,darkening_sev2,SO_vs_mean,family_4a_loc_faith,-0.456813908529289,0.002730162971122293
,12,,,,,,,0.0012791648450294789,,,,tested,efficientnet_b0,2024,darkening_sev2,IoU_vs_blur,family_4a_loc_faith,-0.45144004818397004,0.002730162971122293
,12,,,,,,,0.10417664161347266,,,,tested,efficientnet_b0,2024,darkening_sev2,IoU_vs_zero,family_4a_loc_faith,-0.23743017044930206,0.10417664161347266
,12,,,,,,,0.013093477176119148,,,,tested,efficientnet_b0,2024,darkening_sev2,IoU_vs_mean,family_4a_loc_faith,-0.3557104018819213,0.019640215764178723
,12,,,,,,,1.548708666019006e-05,,,,tested,efficientnet_b0,2024,darkening_sev2,SM_vs_blur,family_4a_loc_faith,-0.5801261554042493,0.00011305091852701164
,12,,,,,,,0.021232369784206978,,,,tested,efficientnet_b0,2024,darkening_sev2,SM_vs_zero,family_4a_loc_faith,-0.3317934433201785,0.024759539591276927
,12,,,,,,,0.0015167572061790518,,,,tested,efficientnet_b0,2024,darkening_sev2,SM_vs_mean,family_4a_loc_faith,-0.4452902830404493,0.002730162971122293
,12,,,,,,,2.512242633933592e-05,,,,tested,efficientnet_b0,2024,darkening_sev3,SO_vs_blur,family_4a_loc_faith,-0.5683180843933824,0.00011305091852701164
,12,,,,,,,0.0220084796366906,,,,tested,efficientnet_b0,2024,darkening_sev3,SO_vs_zero,family_4a_loc_faith,-0.3299453147040438,0.024759539591276927
,12,,,,,,,0.0010993607900029465,,,,tested,efficientnet_b0,2024,darkening_sev3,SO_vs_mean,family_4a_loc_faith,-0.456813908529289,0.002730162971122293
,12,,,,,,,0.0012791648450294789,,,,tested,efficientnet_b0,2024,darkening_sev3,IoU_vs_blur,family_4a_loc_faith,-0.45144004818397004,0.002730162971122293
,12,,,,,,,0.10417664161347266,,,,tested,efficientnet_b0,2024,darkening_sev3,IoU_vs_zero,family_4a_loc_faith,-0.23743017044930206,0.10417664161347266
,12,,,,,,,0.013093477176119148,,,,tested,efficientnet_b0,2024,darkening_sev3,IoU_vs_mean,family_4a_loc_faith,-0.3557104018819213,0.019640215764178723
,12,,,,,,,1.548708666019006e-05,,,,tested,efficientnet_b0,2024,darkening_sev3,SM_vs_blur,family_4a_loc_faith,-0.5801261554042493,0.00011305091852701164
,12,,,,,,,0.021232369784206978,,,,tested,efficientnet_b0,2024,darkening_sev3,SM_vs_zero,family_4a_loc_faith,-0.3317934433201785,0.024759539591276927
,12,,,,,,,0.0015167572061790518,,,,tested,efficientnet_b0,2024,darkening_sev3,SM_vs_mean,family_4a_loc_faith,-0.4452902830404493,0.002730162971122293
,12,,,,,,,2.512242633933592e-05,,,,tested,efficientnet_b0,2024,jpeg_sev1,SO_vs_blur,family_4a_loc_faith,-0.5683180843933824,0.00011305091852701164
,12,,,,,,,0.0220084796366906,,,,tested,efficientnet_b0,2024,jpeg_sev1,SO_vs_zero,family_4a_loc_faith,-0.3299453147040438,0.024759539591276927
,12,,,,,,,0.0010993607900029465,,,,tested,efficientnet_b0,2024,jpeg_sev1,SO_vs_mean,family_4a_loc_faith,-0.456813908529289,0.002730162971122293
,12,,,,,,,0.0012791648450294789,,,,tested,efficientnet_b0,2024,jpeg_sev1,IoU_vs_blur,family_4a_loc_faith,-0.45144004818397004,0.002730162971122293
,12,,,,,,,0.10417664161347266,,,,tested,efficientnet_b0,2024,jpeg_sev1,IoU_vs_zero,family_4a_loc_faith,-0.23743017044930206,0.10417664161347266
,12,,,,,,,0.013093477176119148,,,,tested,efficientnet_b0,2024,jpeg_sev1,IoU_vs_mean,family_4a_loc_faith,-0.3557104018819213,0.019640215764178723
,12,,,,,,,1.548708666019006e-05,,,,tested,efficientnet_b0,2024,jpeg_sev1,SM_vs_blur,family_4a_loc_faith,-0.5801261554042493,0.00011305091852701164
,12,,,,,,,0.021232369784206978,,,,tested,efficientnet_b0,2024,jpeg_sev1,SM_vs_zero,family_4a_loc_faith,-0.3317934433201785,0.024759539591276927
,12,,,,,,,0.0015167572061790518,,,,tested,efficientnet_b0,2024,jpeg_sev1,SM_vs_mean,family_4a_loc_faith,-0.4452902830404493,0.002730162971122293
,12,,,,,,,2.512242633933592e-05,,,,tested,efficientnet_b0,2024,jpeg_sev2,SO_vs_blur,family_4a_loc_faith,-0.5683180843933824,0.00011305091852701164
,12,,,,,,,0.0220084796366906,,,,tested,efficientnet_b0,2024,jpeg_sev2,SO_vs_zero,family_4a_loc_faith,-0.3299453147040438,0.024759539591276927
,12,,,,,,,0.0010993607900029465,,,,tested,efficientnet_b0,2024,jpeg_sev2,SO_vs_mean,family_4a_loc_faith,-0.456813908529289,0.002730162971122293
,12,,,,,,,0.0012791648450294789,,,,tested,efficientnet_b0,2024,jpeg_sev2,IoU_vs_blur,family_4a_loc_faith,-0.45144004818397004,0.002730162971122293
,12,,,,,,,0.10417664161347266,,,,tested,efficientnet_b0,2024,jpeg_sev2,IoU_vs_zero,family_4a_loc_faith,-0.23743017044930206,0.10417664161347266
,12,,,,,,,0.013093477176119148,,,,tested,efficientnet_b0,2024,jpeg_sev2,IoU_vs_mean,family_4a_loc_faith,-0.3557104018819213,0.019640215764178723
,12,,,,,,,1.548708666019006e-05,,,,tested,efficientnet_b0,2024,jpeg_sev2,SM_vs_blur,family_4a_loc_faith,-0.5801261554042493,0.00011305091852701164
,12,,,,,,,0.021232369784206978,,,,tested,efficientnet_b0,2024,jpeg_sev2,SM_vs_zero,family_4a_loc_faith,-0.3317934433201785,0.024759539591276927
,12,,,,,,,0.0015167572061790518,,,,tested,efficientnet_b0,2024,jpeg_sev2,SM_vs_mean,family_4a_loc_faith,-0.4452902830404493,0.002730162971122293
,12,,,,,,,2.512242633933592e-05,,,,tested,efficientnet_b0,2024,jpeg_sev3,SO_vs_blur,family_4a_loc_faith,-0.5683180843933824,0.00011305091852701164
,12,,,,,,,0.0220084796366906,,,,tested,efficientnet_b0,2024,jpeg_sev3,SO_vs_zero,family_4a_loc_faith,-0.3299453147040438,0.024759539591276927
,12,,,,,,,0.0010993607900029465,,,,tested,efficientnet_b0,2024,jpeg_sev3,SO_vs_mean,family_4a_loc_faith,-0.456813908529289,0.002730162971122293
,12,,,,,,,0.0012791648450294789,,,,tested,efficientnet_b0,2024,jpeg_sev3,IoU_vs_blur,family_4a_loc_faith,-0.45144004818397004,0.002730162971122293
,12,,,,,,,0.10417664161347266,,,,tested,efficientnet_b0,2024,jpeg_sev3,IoU_vs_zero,family_4a_loc_faith,-0.23743017044930206,0.10417664161347266
,12,,,,,,,0.013093477176119148,,,,tested,efficientnet_b0,2024,jpeg_sev3,IoU_vs_mean,family_4a_loc_faith,-0.3557104018819213,0.019640215764178723
,12,,,,,,,1.548708666019006e-05,,,,tested,efficientnet_b0,2024,jpeg_sev3,SM_vs_blur,family_4a_loc_faith,-0.5801261554042493,0.00011305091852701164
,12,,,,,,,0.021232369784206978,,,,tested,efficientnet_b0,2024,jpeg_sev3,SM_vs_zero,family_4a_loc_faith,-0.3317934433201785,0.024759539591276927
,12,,,,,,,0.0015167572061790518,,,,tested,efficientnet_b0,2024,jpeg_sev3,SM_vs_mean,family_4a_loc_faith,-0.4452902830404493,0.002730162971122293
,12,,,,,,,2.512242633933592e-05,,,,tested,efficientnet_b0,2024,resize_sev1,SO_vs_blur,family_4a_loc_faith,-0.5683180843933824,0.00011305091852701164
,12,,,,,,,0.0220084796366906,,,,tested,efficientnet_b0,2024,resize_sev1,SO_vs_zero,family_4a_loc_faith,-0.3299453147040438,0.024759539591276927
,12,,,,,,,0.0010993607900029465,,,,tested,efficientnet_b0,2024,resize_sev1,SO_vs_mean,family_4a_loc_faith,-0.456813908529289,0.002730162971122293
,12,,,,,,,0.0012791648450294789,,,,tested,efficientnet_b0,2024,resize_sev1,IoU_vs_blur,family_4a_loc_faith,-0.45144004818397004,0.002730162971122293
,12,,,,,,,0.10417664161347266,,,,tested,efficientnet_b0,2024,resize_sev1,IoU_vs_zero,family_4a_loc_faith,-0.23743017044930206,0.10417664161347266
,12,,,,,,,0.013093477176119148,,,,tested,efficientnet_b0,2024,resize_sev1,IoU_vs_mean,family_4a_loc_faith,-0.3557104018819213,0.019640215764178723
,12,,,,,,,1.548708666019006e-05,,,,tested,efficientnet_b0,2024,resize_sev1,SM_vs_blur,family_4a_loc_faith,-0.5801261554042493,0.00011305091852701164
,12,,,,,,,0.021232369784206978,,,,tested,efficientnet_b0,2024,resize_sev1,SM_vs_zero,family_4a_loc_faith,-0.3317934433201785,0.024759539591276927
,12,,,,,,,0.0015167572061790518,,,,tested,efficientnet_b0,2024,resize_sev1,SM_vs_mean,family_4a_loc_faith,-0.4452902830404493,0.002730162971122293
,12,,,,,,,2.512242633933592e-05,,,,tested,efficientnet_b0,2024,resize_sev2,SO_vs_blur,family_4a_loc_faith,-0.5683180843933824,0.00011305091852701164
,12,,,,,,,0.0220084796366906,,,,tested,efficientnet_b0,2024,resize_sev2,SO_vs_zero,family_4a_loc_faith,-0.3299453147040438,0.024759539591276927
,12,,,,,,,0.0010993607900029465,,,,tested,efficientnet_b0,2024,resize_sev2,SO_vs_mean,family_4a_loc_faith,-0.456813908529289,0.002730162971122293
,12,,,,,,,0.0012791648450294789,,,,tested,efficientnet_b0,2024,resize_sev2,IoU_vs_blur,family_4a_loc_faith,-0.45144004818397004,0.002730162971122293
,12,,,,,,,0.10417664161347266,,,,tested,efficientnet_b0,2024,resize_sev2,IoU_vs_zero,family_4a_loc_faith,-0.23743017044930206,0.10417664161347266
,12,,,,,,,0.013093477176119148,,,,tested,efficientnet_b0,2024,resize_sev2,IoU_vs_mean,family_4a_loc_faith,-0.3557104018819213,0.019640215764178723
,12,,,,,,,1.548708666019006e-05,,,,tested,efficientnet_b0,2024,resize_sev2,SM_vs_blur,family_4a_loc_faith,-0.5801261554042493,0.00011305091852701164
,12,,,,,,,0.021232369784206978,,,,tested,efficientnet_b0,2024,resize_sev2,SM_vs_zero,family_4a_loc_faith,-0.3317934433201785,0.024759539591276927
,12,,,,,,,0.0015167572061790518,,,,tested,efficientnet_b0,2024,resize_sev2,SM_vs_mean,family_4a_loc_faith,-0.4452902830404493,0.002730162971122293
,12,,,,,,,2.512242633933592e-05,,,,tested,efficientnet_b0,2024,resize_sev3,SO_vs_blur,family_4a_loc_faith,-0.5683180843933824,0.00011305091852701164
,12,,,,,,,0.0220084796366906,,,,tested,efficientnet_b0,2024,resize_sev3,SO_vs_zero,family_4a_loc_faith,-0.3299453147040438,0.024759539591276927
,12,,,,,,,0.0010993607900029465,,,,tested,efficientnet_b0,2024,resize_sev3,SO_vs_mean,family_4a_loc_faith,-0.456813908529289,0.002730162971122293
,12,,,,,,,0.0012791648450294789,,,,tested,efficientnet_b0,2024,resize_sev3,IoU_vs_blur,family_4a_loc_faith,-0.45144004818397004,0.002730162971122293
,12,,,,,,,0.10417664161347266,,,,tested,efficientnet_b0,2024,resize_sev3,IoU_vs_zero,family_4a_loc_faith,-0.23743017044930206,0.10417664161347266
,12,,,,,,,0.013093477176119148,,,,tested,efficientnet_b0,2024,resize_sev3,IoU_vs_mean,family_4a_loc_faith,-0.3557104018819213,0.019640215764178723
,12,,,,,,,1.548708666019006e-05,,,,tested,efficientnet_b0,2024,resize_sev3,SM_vs_blur,family_4a_loc_faith,-0.5801261554042493,0.00011305091852701164
,12,,,,,,,0.021232369784206978,,,,tested,efficientnet_b0,2024,resize_sev3,SM_vs_zero,family_4a_loc_faith,-0.3317934433201785,0.024759539591276927
,12,,,,,,,0.0015167572061790518,,,,tested,efficientnet_b0,2024,resize_sev3,SM_vs_mean,family_4a_loc_faith,-0.4452902830404493,0.002730162971122293
,12,,,,,,,0.0037764060635488276,,,,tested,efficientnet_b0,2024,brightening_sev1,Dprob_vs_DSO,family_4b_det_exp_deg,0.4102771789911651,0.006042249701678124
,12,,,,,,,0.0042359851614802045,,,,tested,efficientnet_b0,2024,brightening_sev1,Dprob_vs_DIoU,family_4b_det_exp_deg,0.4055963833698809,0.006353977742220306
,12,,,,,,,,,,,tested,efficientnet_b0,2024,brightening_sev1,Dprob_vs_Dstability,family_4b_det_exp_deg,,
,12,,,,,,,0.06145091053484185,,,,tested,efficientnet_b0,2024,brightening_sev2,Dprob_vs_DSO,family_4b_det_exp_deg,0.2720010469158213,0.07374109264181021
,12,,,,,,,0.04595158800800798,,,,tested,efficientnet_b0,2024,brightening_sev2,Dprob_vs_DIoU,family_4b_det_exp_deg,0.28950391204509673,0.05804411116801008
,12,,,,,,,,,,,tested,efficientnet_b0,2024,brightening_sev2,Dprob_vs_Dstability,family_4b_det_exp_deg,,
,12,,,,,,,0.0033702829649842297,,,,tested,efficientnet_b0,2024,brightening_sev3,Dprob_vs_DSO,family_4b_det_exp_deg,0.41485051759823105,0.005777627939972965
,12,,,,,,,0.007124416090383938,,,,tested,efficientnet_b0,2024,brightening_sev3,Dprob_vs_DIoU,family_4b_det_exp_deg,0.3835410445719495,0.00949922145384525
,12,,,,,,,,,,,tested,efficientnet_b0,2024,brightening_sev3,Dprob_vs_Dstability,family_4b_det_exp_deg,,
,12,,,,,,,0.5357640230990901,,,,tested,efficientnet_b0,2024,darkening_sev1,Dprob_vs_DSO,family_4b_det_exp_deg,0.09160477228292296,0.5357640230990901
,12,,,,,,,0.4298255249120947,,,,tested,efficientnet_b0,2024,darkening_sev1,Dprob_vs_DIoU,family_4b_det_exp_deg,0.11663790825213012,0.4485135912126205
,12,,,,,,,,,,,tested,efficientnet_b0,2024,darkening_sev1,Dprob_vs_Dstability,family_4b_det_exp_deg,,
,12,,,,,,,0.004718894593465994,,,,tested,efficientnet_b0,2024,darkening_sev2,Dprob_vs_DSO,family_4b_det_exp_deg,0.4011353722010758,0.006661968837834344
,12,,,,,,,0.0008395979338683185,,,,tested,efficientnet_b0,2024,darkening_sev2,Dprob_vs_DIoU,family_4b_det_exp_deg,0.46616650783976343,0.0016791958677366367
,12,,,,,,,,,,,tested,efficientnet_b0,2024,darkening_sev2,Dprob_vs_Dstability,family_4b_det_exp_deg,,
,12,,,,,,,4.520065995053118e-06,,,,tested,efficientnet_b0,2024,darkening_sev3,Dprob_vs_DSO,family_4b_det_exp_deg,0.6082517416043247,1.3560197985159353e-05
,12,,,,,,,2.6491628301281574e-06,,,,tested,efficientnet_b0,2024,darkening_sev3,Dprob_vs_DIoU,family_4b_det_exp_deg,0.6196666536451564,1.2715981584615155e-05
,12,,,,,,,,,,,tested,efficientnet_b0,2024,darkening_sev3,Dprob_vs_Dstability,family_4b_det_exp_deg,,
,12,,,,,,,3.173506997803633e-05,,,,tested,efficientnet_b0,2024,jpeg_sev1,Dprob_vs_DSO,family_4b_det_exp_deg,0.5624478000290218,7.61641679472872e-05
,12,,,,,,,2.251720008629462e-05,,,,tested,efficientnet_b0,2024,jpeg_sev1,Dprob_vs_DIoU,family_4b_det_exp_deg,0.5710305895041786,6.004586689678566e-05
,12,,,,,,,,,,,tested,efficientnet_b0,2024,jpeg_sev1,Dprob_vs_Dstability,family_4b_det_exp_deg,,
,12,,,,,,,2.256783060061566e-06,,,,tested,efficientnet_b0,2024,jpeg_sev2,Dprob_vs_DSO,family_4b_det_exp_deg,0.623005421624564,1.2715981584615155e-05
,12,,,,,,,4.02542923183767e-06,,,,tested,efficientnet_b0,2024,jpeg_sev2,Dprob_vs_DIoU,family_4b_det_exp_deg,0.6107661637999307,1.3560197985159353e-05
,12,,,,,,,,,,,tested,efficientnet_b0,2024,jpeg_sev2,Dprob_vs_Dstability,family_4b_det_exp_deg,,
,12,,,,,,,0.000592078376299587,,,,tested,efficientnet_b0,2024,jpeg_sev3,Dprob_vs_DSO,family_4b_det_exp_deg,0.47790431744282597,0.001291807366471826
,12,,,,,,,0.0011443130313814277,,,,tested,efficientnet_b0,2024,jpeg_sev3,Dprob_vs_DIoU,family_4b_det_exp_deg,0.455400633705186,0.0021125779040887895
,12,,,,,,,,,,,tested,efficientnet_b0,2024,jpeg_sev3,Dprob_vs_Dstability,family_4b_det_exp_deg,,
,12,,,,,,,4.092331914666649e-07,,,,tested,efficientnet_b0,2024,resize_sev1,Dprob_vs_DSO,family_4b_det_exp_deg,0.656308305443236,3.2738655317333197e-06
,12,,,,,,,3.926414329687518e-06,,,,tested,efficientnet_b0,2024,resize_sev1,Dprob_vs_DIoU,family_4b_det_exp_deg,0.6113036785799141,1.3560197985159353e-05
,12,,,,,,,,,,,tested,efficientnet_b0,2024,resize_sev1,Dprob_vs_Dstability,family_4b_det_exp_deg,,
,12,,,,,,,2.623018007691927e-08,,,,tested,efficientnet_b0,2024,resize_sev2,Dprob_vs_DSO,family_4b_det_exp_deg,0.7024683078128291,6.295243218460625e-07
,12,,,,,,,2.6256603369094035e-07,,,,tested,efficientnet_b0,2024,resize_sev2,Dprob_vs_DIoU,family_4b_det_exp_deg,0.6643409161058828,3.150792404291284e-06
,12,,,,,,,,,,,tested,efficientnet_b0,2024,resize_sev2,Dprob_vs_Dstability,family_4b_det_exp_deg,,
,12,,,,,,,0.2995200245842348,,,,tested,efficientnet_b0,2024,resize_sev3,Dprob_vs_DSO,family_4b_det_exp_deg,0.15289247220594632,0.3423085995248398
,12,,,,,,,0.33633097487192165,,,,tested,efficientnet_b0,2024,resize_sev3,Dprob_vs_DIoU,family_4b_det_exp_deg,0.14180694478828618,0.36690651804209634
,12,,,,,,,,,,,tested,efficientnet_b0,2024,resize_sev3,Dprob_vs_Dstability,family_4b_det_exp_deg,,
