n_total,n_valid,n_nonzero,mean_clean,mean_transformed,mean_diff,median_diff,w_stat,raw_p,r_rb,ci_lower,ci_upper,test_status,model,seed,transformation,metric,test_family,inference_unit,rho,adjusted_p
12.0,12,12.0,0.25842921463769697,0.25358650728433124,0.004842707353365745,0.001735913536123082,31.0,0.5693359375,0.20512820512820512,-0.006278495071294098,0.01564406460183302,tested,resnet50,123,brightening_sev1,SO,family_1_localization,source_video,,0.6506696428571429
12.0,12,12.0,0.15568354182609964,0.15171708582015175,0.003966456005947877,0.0014759897192160032,28.0,0.423828125,0.28205128205128205,-0.00427213688898409,0.012282353826252342,tested,resnet50,123,brightening_sev1,IoU,family_1_localization,source_video,,0.50859375
12.0,12,12.0,0.25823693564992867,0.2573917777654865,0.0008451578844422084,-0.0011188845295954375,36.0,0.85009765625,0.07692307692307693,-0.007013502147046593,0.007489040236509257,tested,resnet50,123,brightening_sev1,saliency_mass,family_1_localization,source_video,,0.8870584239130435
12.0,12,12.0,0.3322296666895133,0.328623370063011,0.003606296626502331,0.0012697184136812867,32.0,0.6220703125,0.1794871794871795,-0.009197601876211868,0.0148942890640167,tested,resnet50,123,brightening_sev1,hit_rate,family_1_localization,source_video,,0.6944040697674418
12.0,12,12.0,0.04598088259290489,0.028792339377160765,0.017188543215744128,0.017950647792562634,14.0,0.05224609375,0.6410256410256411,0.0024117725905181595,0.03167226367152016,tested,resnet50,123,brightening_sev1,faithfulness_blur,family_2_faithfulness,source_video,,0.08177649456521739
12.0,12,12.0,0.6548642437097679,0.6541708903246305,0.0006933533851375175,0.015937630109891576,32.0,0.6220703125,0.1794871794871795,-0.03595099046978832,0.028771210971871585,tested,resnet50,123,brightening_sev1,faithfulness_zero,family_2_faithfulness,source_video,,0.6786221590909091
12.0,12,12.0,0.5330614808352593,0.6270726522801096,-0.09401117144485027,-0.10382374985052562,3.0,0.00244140625,-0.9230769230769231,-0.1257607769011451,-0.05907068422020072,tested,resnet50,123,brightening_sev1,faithfulness_mean,family_2_faithfulness,source_video,,0.00732421875
12.0,0,0.0,,,,,,,,,,not_tested_small_n,resnet50,123,brightening_sev1,ES_cos,family_3_stability,source_video,,
12.0,0,0.0,,,,,,,,,,not_tested_small_n,resnet50,123,brightening_sev1,explanation_IoU,family_3_stability,source_video,,
,12,,,,,,,0.5567370561768314,,,,tested,resnet50,123,brightening_sev1,SO_vs_blur,family_4a_loc_faith,source_video,-0.18881118881118883,0.9827917689028476
,12,,,,,,,0.5717012385276553,,,,tested,resnet50,123,brightening_sev1,SO_vs_zero,family_4a_loc_faith,source_video,0.18181818181818185,0.9827917689028476
,12,,,,,,,0.9484022252365222,,,,tested,resnet50,123,brightening_sev1,SO_vs_mean,family_4a_loc_faith,source_video,-0.02097902097902098,0.9827917689028476
,12,,,,,,,0.729194990751066,,,,tested,resnet50,123,brightening_sev1,IoU_vs_blur,family_4a_loc_faith,source_video,-0.11188811188811189,0.9827917689028476
,12,,,,,,,0.4844516614553987,,,,tested,resnet50,123,brightening_sev1,IoU_vs_zero,family_4a_loc_faith,source_video,0.22377622377622378,0.9827917689028476
,12,,,,,,,0.9827917689028476,,,,tested,resnet50,123,brightening_sev1,IoU_vs_mean,family_4a_loc_faith,source_video,0.006993006993006993,0.9827917689028476
,12,,,,,,,0.6330906812462617,,,,tested,resnet50,123,brightening_sev1,SM_vs_blur,family_4a_loc_faith,source_video,-0.15384615384615385,0.9827917689028476
,12,,,,,,,0.45680085263992326,,,,tested,resnet50,123,brightening_sev1,SM_vs_zero,family_4a_loc_faith,source_video,0.2377622377622378,0.9827917689028476
,12,,,,,,,0.8969858708195542,,,,tested,resnet50,123,brightening_sev1,SM_vs_mean,family_4a_loc_faith,source_video,0.04195804195804196,0.9827917689028476
,12,,,,,,,0.00025981184986148103,,,,tested,resnet50,123,brightening_sev1,Dprob_vs_DSO,family_4b_det_exp_deg,source_video,0.8671328671328673,0.0005196236997229621
,12,,,,,,,5.9978574465376914e-05,,,,tested,resnet50,123,brightening_sev1,Dprob_vs_DIoU,family_4b_det_exp_deg,source_video,0.9020979020979022,0.00023991429786150766
,0,,,,,,,,,,,not_tested_small_n,resnet50,123,brightening_sev1,Dprob_vs_Dstability,family_4b_det_exp_deg,source_video,,
12.0,12,12.0,0.25842921463769697,0.23244761694608693,0.02598159769161008,0.004397742675222818,27.0,0.38037109375,0.3076923076923077,-0.00605754853210038,0.06577634156587402,tested,resnet50,123,brightening_sev2,SO,family_1_localization,source_video,,0.46814903846153844
12.0,12,12.0,0.15568354182609964,0.1392840958796802,0.016399445946419455,0.0037920755828746294,26.0,0.33935546875,0.3333333333333333,-0.0039444310608246795,0.039669908690773484,tested,resnet50,123,brightening_sev2,IoU,family_1_localization,source_video,,0.42865953947368424
12.0,12,12.0,0.25823693564992867,0.23579061517979336,0.02244632047013534,0.0010020619633446803,30.0,0.5185546875,0.23076923076923078,-0.006561388845683663,0.05953828727253696,tested,resnet50,123,brightening_sev2,saliency_mass,family_1_localization,source_video,,0.6070884146341463
12.0,12,12.0,0.3322296666895133,0.2962129342814133,0.03601673240810002,0.005429952735987217,26.0,0.33935546875,0.3333333333333333,-0.010150512286383247,0.09571919980227471,tested,resnet50,123,brightening_sev2,hit_rate,family_1_localization,source_video,,0.42865953947368424
12.0,12,12.0,0.04598088259290489,-0.006788014857131028,0.05276889745003591,0.03064735496669183,11.0,0.02685546875,0.717948717948718,0.015223439733621582,0.0944992663481701,tested,resnet50,123,brightening_sev2,faithfulness_blur,family_2_faithfulness,source_video,,0.05088404605263158
12.0,12,12.0,0.6548642437097679,0.5631156894256164,0.09174855428415152,0.07578639509977309,13.0,0.04248046875,0.6666666666666666,0.007519346741423075,0.17809954536859296,tested,resnet50,123,brightening_sev2,faithfulness_zero,family_2_faithfulness,source_video,,0.06951349431818182
12.0,12,12.0,0.5330614808352593,0.5939215219031339,-0.0608600410678747,-0.10720304998106683,23.0,0.2333984375,-0.41025641025641024,-0.14657433841580855,0.024891949904775924,tested,resnet50,123,brightening_sev2,faithfulness_mean,family_2_faithfulness,source_video,,0.28973599137931033
12.0,0,0.0,,,,,,,,,,not_tested_small_n,resnet50,123,brightening_sev2,ES_cos,family_3_stability,source_video,,
12.0,0,0.0,,,,,,,,,,not_tested_small_n,resnet50,123,brightening_sev2,explanation_IoU,family_3_stability,source_video,,
,12,,,,,,,0.5567370561768314,,,,tested,resnet50,123,brightening_sev2,SO_vs_blur,family_4a_loc_faith,source_video,-0.18881118881118883,0.9827917689028476
,12,,,,,,,0.5717012385276553,,,,tested,resnet50,123,brightening_sev2,SO_vs_zero,family_4a_loc_faith,source_video,0.18181818181818185,0.9827917689028476
,12,,,,,,,0.9484022252365222,,,,tested,resnet50,123,brightening_sev2,SO_vs_mean,family_4a_loc_faith,source_video,-0.02097902097902098,0.9827917689028476
,12,,,,,,,0.729194990751066,,,,tested,resnet50,123,brightening_sev2,IoU_vs_blur,family_4a_loc_faith,source_video,-0.11188811188811189,0.9827917689028476
,12,,,,,,,0.4844516614553987,,,,tested,resnet50,123,brightening_sev2,IoU_vs_zero,family_4a_loc_faith,source_video,0.22377622377622378,0.9827917689028476
,12,,,,,,,0.9827917689028476,,,,tested,resnet50,123,brightening_sev2,IoU_vs_mean,family_4a_loc_faith,source_video,0.006993006993006993,0.9827917689028476
,12,,,,,,,0.6330906812462617,,,,tested,resnet50,123,brightening_sev2,SM_vs_blur,family_4a_loc_faith,source_video,-0.15384615384615385,0.9827917689028476
,12,,,,,,,0.45680085263992326,,,,tested,resnet50,123,brightening_sev2,SM_vs_zero,family_4a_loc_faith,source_video,0.2377622377622378,0.9827917689028476
,12,,,,,,,0.8969858708195542,,,,tested,resnet50,123,brightening_sev2,SM_vs_mean,family_4a_loc_faith,source_video,0.04195804195804196,0.9827917689028476
,12,,,,,,,6.9931649532105415e-06,,,,tested,resnet50,123,brightening_sev2,Dprob_vs_DSO,family_4b_det_exp_deg,source_video,0.9370629370629372,7.02133675719581e-05
,12,,,,,,,1.1702227928659685e-05,,,,tested,resnet50,123,brightening_sev2,Dprob_vs_DIoU,family_4b_det_exp_deg,source_video,0.9300699300699302,7.02133675719581e-05
,0,,,,,,,,,,,not_tested_small_n,resnet50,123,brightening_sev2,Dprob_vs_Dstability,family_4b_det_exp_deg,source_video,,
12.0,12,12.0,0.25842921463769697,0.18691695910170525,0.07151225553599173,0.012290070431034986,21.0,0.17626953125,0.46153846153846156,0.013606070437923697,0.13689981852041427,tested,resnet50,123,brightening_sev3,SO,family_1_localization,source_video,,0.264404296875
12.0,12,12.0,0.15568354182609964,0.11042044661781615,0.04526309520828345,0.00942892334588196,19.0,0.12939453125,0.5128205128205128,0.00999488358917466,0.08409950638477419,tested,resnet50,123,brightening_sev3,IoU,family_1_localization,source_video,,0.20703125
12.0,12,12.0,0.25823693564992867,0.19395804731311309,0.0642788883368156,0.008820259825832094,22.0,0.20361328125,0.4358974358974359,0.007422474303864073,0.12720999960788804,tested,resnet50,123,brightening_sev3,saliency_mass,family_1_localization,source_video,,0.2961647727272727
12.0,12,12.0,0.3322296666895133,0.2365033767789264,0.09572628991058689,0.00923609066823669,16.5,0.08056640625,0.5769230769230769,0.009361142958957593,0.2007386752366745,tested,resnet50,123,brightening_sev3,hit_rate,family_1_localization,source_video,,0.14873798076923078
12.0,12,12.0,0.04598088259290489,-0.018719420339980312,0.0647003029328852,0.03889667741481463,21.0,0.17626953125,0.46153846153846156,0.000394477952320519,0.13958200525360698,tested,resnet50,123,brightening_sev3,faithfulness_blur,family_2_faithfulness,source_video,,0.22663225446428573
12.0,12,12.0,0.6548642437097679,0.4567471412641697,0.19811710244559824,0.13106214577916742,9.0,0.01611328125,0.7692307692307693,0.07062697174031536,0.32399056878442134,tested,resnet50,123,brightening_sev3,faithfulness_zero,family_2_faithfulness,source_video,,0.0322265625
12.0,12,12.0,0.5330614808352593,0.5357677598048016,-0.0027062789695424575,-0.09750251676500743,38.0,0.9697265625,0.02564102564102564,-0.141864543791036,0.13843772733198828,tested,resnet50,123,brightening_sev3,faithfulness_mean,family_2_faithfulness,source_video,,0.9697265625
12.0,0,0.0,,,,,,,,,,not_tested_small_n,resnet50,123,brightening_sev3,ES_cos,family_3_stability,source_video,,
12.0,0,0.0,,,,,,,,,,not_tested_small_n,resnet50,123,brightening_sev3,explanation_IoU,family_3_stability,source_video,,
,12,,,,,,,0.5567370561768314,,,,tested,resnet50,123,brightening_sev3,SO_vs_blur,family_4a_loc_faith,source_video,-0.18881118881118883,0.9827917689028476
,12,,,,,,,0.5717012385276553,,,,tested,resnet50,123,brightening_sev3,SO_vs_zero,family_4a_loc_faith,source_video,0.18181818181818185,0.9827917689028476
,12,,,,,,,0.9484022252365222,,,,tested,resnet50,123,brightening_sev3,SO_vs_mean,family_4a_loc_faith,source_video,-0.02097902097902098,0.9827917689028476
,12,,,,,,,0.729194990751066,,,,tested,resnet50,123,brightening_sev3,IoU_vs_blur,family_4a_loc_faith,source_video,-0.11188811188811189,0.9827917689028476
,12,,,,,,,0.4844516614553987,,,,tested,resnet50,123,brightening_sev3,IoU_vs_zero,family_4a_loc_faith,source_video,0.22377622377622378,0.9827917689028476
,12,,,,,,,0.9827917689028476,,,,tested,resnet50,123,brightening_sev3,IoU_vs_mean,family_4a_loc_faith,source_video,0.006993006993006993,0.9827917689028476
,12,,,,,,,0.6330906812462617,,,,tested,resnet50,123,brightening_sev3,SM_vs_blur,family_4a_loc_faith,source_video,-0.15384615384615385,0.9827917689028476
,12,,,,,,,0.45680085263992326,,,,tested,resnet50,123,brightening_sev3,SM_vs_zero,family_4a_loc_faith,source_video,0.2377622377622378,0.9827917689028476
,12,,,,,,,0.8969858708195542,,,,tested,resnet50,123,brightening_sev3,SM_vs_mean,family_4a_loc_faith,source_video,0.04195804195804196,0.9827917689028476
,12,,,,,,,0.00020071307332423182,,,,tested,resnet50,123,brightening_sev3,Dprob_vs_DSO,family_4b_det_exp_deg,source_video,0.8741258741258742,0.0004817113759781564
,12,,,,,,,0.00025981184986148103,,,,tested,resnet50,123,brightening_sev3,Dprob_vs_DIoU,family_4b_det_exp_deg,source_video,0.8671328671328673,0.0005196236997229621
,0,,,,,,,,,,,not_tested_small_n,resnet50,123,brightening_sev3,Dprob_vs_Dstability,family_4b_det_exp_deg,source_video,,
12.0,12,12.0,0.25842921463769697,0.2466309163297077,0.011798298307989272,0.002197993788092517,24.0,0.26611328125,0.38461538461538464,-5.4704809388508795e-05,0.02501965154862884,tested,resnet50,123,darkening_sev1,SO,family_1_localization,source_video,,0.3756893382352941
12.0,12,12.0,0.15568354182609964,0.14814191915103253,0.0075416226750671,0.0012439535255542034,26.0,0.33935546875,0.3333333333333333,-0.0006489463967940565,0.01673566129705681,tested,resnet50,123,darkening_sev1,IoU,family_1_localization,source_video,,0.42865953947368424
12.0,12,12.0,0.25823693564992867,0.24757653798855764,0.010660397661371076,0.001566184635647408,26.0,0.33935546875,0.3333333333333333,-0.0009681073411470555,0.02380211654309217,tested,resnet50,123,darkening_sev1,saliency_mass,family_1_localization,source_video,,0.42865953947368424
12.0,12,12.0,0.3322296666895133,0.3130350058968376,0.019194660792675736,0.01090522937107094,19.0,0.12939453125,0.5128205128205128,-0.0016479772603404052,0.03931434643526521,tested,resnet50,123,darkening_sev1,hit_rate,family_1_localization,source_video,,0.20703125
12.0,12,12.0,0.04598088259290489,0.03923508081728386,0.006745801775621042,0.00865483187735179,27.0,0.38037109375,0.3076923076923077,-0.03268268116454905,0.04548071234585174,tested,resnet50,123,darkening_sev1,faithfulness_blur,family_2_faithfulness,source_video,,0.42791748046875
12.0,12,12.0,0.6548642437097679,0.5837534716419802,0.07111077206778763,0.052444815553404134,9.0,0.01611328125,0.7692307692307693,0.020012736780707238,0.1267573096629757,tested,resnet50,123,darkening_sev1,faithfulness_zero,family_2_faithfulness,source_video,,0.0322265625
12.0,12,12.0,0.5330614808352593,0.4394584597204571,0.09360302111480212,0.07689651088170316,3.0,0.00244140625,0.9230769230769231,0.04999343499257827,0.13459984662878086,tested,resnet50,123,darkening_sev1,faithfulness_mean,family_2_faithfulness,source_video,,0.00732421875
12.0,0,0.0,,,,,,,,,,not_tested_small_n,resnet50,123,darkening_sev1,ES_cos,family_3_stability,source_video,,
12.0,0,0.0,,,,,,,,,,not_tested_small_n,resnet50,123,darkening_sev1,explanation_IoU,family_3_stability,source_video,,
,12,,,,,,,0.5567370561768314,,,,tested,resnet50,123,darkening_sev1,SO_vs_blur,family_4a_loc_faith,source_video,-0.18881118881118883,0.9827917689028476
,12,,,,,,,0.5717012385276553,,,,tested,resnet50,123,darkening_sev1,SO_vs_zero,family_4a_loc_faith,source_video,0.18181818181818185,0.9827917689028476
,12,,,,,,,0.9484022252365222,,,,tested,resnet50,123,darkening_sev1,SO_vs_mean,family_4a_loc_faith,source_video,-0.02097902097902098,0.9827917689028476
,12,,,,,,,0.729194990751066,,,,tested,resnet50,123,darkening_sev1,IoU_vs_blur,family_4a_loc_faith,source_video,-0.11188811188811189,0.9827917689028476
,12,,,,,,,0.4844516614553987,,,,tested,resnet50,123,darkening_sev1,IoU_vs_zero,family_4a_loc_faith,source_video,0.22377622377622378,0.9827917689028476
,12,,,,,,,0.9827917689028476,,,,tested,resnet50,123,darkening_sev1,IoU_vs_mean,family_4a_loc_faith,source_video,0.006993006993006993,0.9827917689028476
,12,,,,,,,0.6330906812462617,,,,tested,resnet50,123,darkening_sev1,SM_vs_blur,family_4a_loc_faith,source_video,-0.15384615384615385,0.9827917689028476
,12,,,,,,,0.45680085263992326,,,,tested,resnet50,123,darkening_sev1,SM_vs_zero,family_4a_loc_faith,source_video,0.2377622377622378,0.9827917689028476
,12,,,,,,,0.8969858708195542,,,,tested,resnet50,123,darkening_sev1,SM_vs_mean,family_4a_loc_faith,source_video,0.04195804195804196,0.9827917689028476
,12,,,,,,,1.1702227928659685e-05,,,,tested,resnet50,123,darkening_sev1,Dprob_vs_DSO,family_4b_det_exp_deg,source_video,0.9300699300699302,7.02133675719581e-05
,12,,,,,,,8.366586429091718e-05,,,,tested,resnet50,123,darkening_sev1,Dprob_vs_DIoU,family_4b_det_exp_deg,source_video,0.8951048951048951,0.0002509975928727515
,0,,,,,,,,,,,not_tested_small_n,resnet50,123,darkening_sev1,Dprob_vs_Dstability,family_4b_det_exp_deg,source_video,,
12.0,12,12.0,0.25842921463769697,0.20840452005062962,0.050024694587067355,0.028572843007275445,5.0,0.0048828125,0.8717948717948718,0.019564196427276467,0.0905796668372708,tested,resnet50,123,darkening_sev2,SO,family_1_localization,source_video,,0.01171875
12.0,12,12.0,0.15568354182609964,0.12377167069072868,0.031911871135370924,0.01873411325941278,5.0,0.0048828125,0.8717948717948718,0.012510758920397479,0.057825559057907566,tested,resnet50,123,darkening_sev2,IoU,family_1_localization,source_video,,0.01171875
12.0,12,12.0,0.25823693564992867,0.211184444103052,0.047052491546876685,0.018882515241421052,6.0,0.0068359375,0.8461538461538461,0.016264632504991192,0.0872833421073365,tested,resnet50,123,darkening_sev2,saliency_mass,family_1_localization,source_video,,0.014266304347826086
12.0,12,12.0,0.3322296666895133,0.2721535377125838,0.06007612897692947,0.03755536470486559,12.0,0.0341796875,0.6923076923076923,0.019367239427337368,0.10660179575685357,tested,resnet50,123,darkening_sev2,hit_rate,family_1_localization,source_video,,0.065625
12.0,12,12.0,0.04598088259290489,0.024850668701691104,0.021130213891213792,0.046661818690327705,27.0,0.38037109375,0.3076923076923077,-0.05315667437120504,0.09220168143327612,tested,resnet50,123,darkening_sev2,faithfulness_blur,family_2_faithfulness,source_video,,0.42791748046875
12.0,12,12.0,0.6548642437097679,0.45312381929763107,0.20174042441213694,0.16158355176275913,3.0,0.00244140625,0.9230769230769231,0.10511813426756651,0.30292870740437206,tested,resnet50,123,darkening_sev2,faithfulness_zero,family_2_faithfulness,source_video,,0.00732421875
12.0,12,12.0,0.5330614808352593,0.3243661845998636,0.20869529623539562,0.2311060520514064,2.0,0.00146484375,0.9487179487179487,0.11367566400225296,0.3076744162504424,tested,resnet50,123,darkening_sev2,faithfulness_mean,family_2_faithfulness,source_video,,0.006591796875
12.0,0,0.0,,,,,,,,,,not_tested_small_n,resnet50,123,darkening_sev2,ES_cos,family_3_stability,source_video,,
12.0,0,0.0,,,,,,,,,,not_tested_small_n,resnet50,123,darkening_sev2,explanation_IoU,family_3_stability,source_video,,
,12,,,,,,,0.5567370561768314,,,,tested,resnet50,123,darkening_sev2,SO_vs_blur,family_4a_loc_faith,source_video,-0.18881118881118883,0.9827917689028476
,12,,,,,,,0.5717012385276553,,,,tested,resnet50,123,darkening_sev2,SO_vs_zero,family_4a_loc_faith,source_video,0.18181818181818185,0.9827917689028476
,12,,,,,,,0.9484022252365222,,,,tested,resnet50,123,darkening_sev2,SO_vs_mean,family_4a_loc_faith,source_video,-0.02097902097902098,0.9827917689028476
,12,,,,,,,0.729194990751066,,,,tested,resnet50,123,darkening_sev2,IoU_vs_blur,family_4a_loc_faith,source_video,-0.11188811188811189,0.9827917689028476
,12,,,,,,,0.4844516614553987,,,,tested,resnet50,123,darkening_sev2,IoU_vs_zero,family_4a_loc_faith,source_video,0.22377622377622378,0.9827917689028476
,12,,,,,,,0.9827917689028476,,,,tested,resnet50,123,darkening_sev2,IoU_vs_mean,family_4a_loc_faith,source_video,0.006993006993006993,0.9827917689028476
,12,,,,,,,0.6330906812462617,,,,tested,resnet50,123,darkening_sev2,SM_vs_blur,family_4a_loc_faith,source_video,-0.15384615384615385,0.9827917689028476
,12,,,,,,,0.45680085263992326,,,,tested,resnet50,123,darkening_sev2,SM_vs_zero,family_4a_loc_faith,source_video,0.2377622377622378,0.9827917689028476
,12,,,,,,,0.8969858708195542,,,,tested,resnet50,123,darkening_sev2,SM_vs_mean,family_4a_loc_faith,source_video,0.04195804195804196,0.9827917689028476
,12,,,,,,,0.0019003677255282697,,,,tested,resnet50,123,darkening_sev2,Dprob_vs_DSO,family_4b_det_exp_deg,source_video,0.7972027972027973,0.002682872083098734
,12,,,,,,,0.0022231354099909177,,,,tested,resnet50,123,darkening_sev2,Dprob_vs_DIoU,family_4b_det_exp_deg,source_video,0.7902097902097903,0.002964180546654557
,0,,,,,,,,,,,not_tested_small_n,resnet50,123,darkening_sev2,Dprob_vs_Dstability,family_4b_det_exp_deg,source_video,,
12.0,12,12.0,0.25842921463769697,0.16705684694076509,0.09137236769693192,0.09986844794681096,1.0,0.0009765625,0.9743589743589743,0.05895197283585463,0.1280303564086712,tested,resnet50,123,darkening_sev3,SO,family_1_localization,source_video,,0.00703125
12.0,12,12.0,0.15568354182609964,0.09668637230303838,0.05899716952306125,0.06175242589421929,1.0,0.0009765625,0.9743589743589743,0.0373815238617068,0.08272515260945366,tested,resnet50,123,darkening_sev3,IoU,family_1_localization,source_video,,0.00703125
12.0,12,12.0,0.25823693564992867,0.16994245106929842,0.08829448458063027,0.09734891622155406,2.0,0.00146484375,0.9487179487179487,0.05711751220192834,0.12463604708017695,tested,resnet50,123,darkening_sev3,saliency_mass,family_1_localization,source_video,,0.00703125
12.0,12,12.0,0.3322296666895133,0.2165375349053594,0.11569213178415398,0.12745477860785384,3.0,0.00244140625,0.9230769230769231,0.07097958121673785,0.1639372085744896,tested,resnet50,123,darkening_sev3,hit_rate,family_1_localization,source_video,,0.00732421875
12.0,12,12.0,0.04598088259290489,0.013148519059292684,0.03283236353361221,0.10677329182835144,27.0,0.38037109375,0.3076923076923077,-0.07208265975716771,0.11482238612681421,tested,resnet50,123,darkening_sev3,faithfulness_blur,family_2_faithfulness,source_video,,0.42791748046875
12.0,12,12.0,0.6548642437097679,0.22016740632285212,0.43469683738691595,0.4364564467592338,0.0,0.00048828125,1.0,0.35183752796026607,0.5170957222992738,tested,resnet50,123,darkening_sev3,faithfulness_zero,family_2_faithfulness,source_video,,0.0029296875
12.0,12,12.0,0.5330614808352593,0.22838181820204176,0.3046796626332175,0.3684391964084897,0.0,0.00048828125,1.0,0.2032631769585572,0.3992852137485929,tested,resnet50,123,darkening_sev3,faithfulness_mean,family_2_faithfulness,source_video,,0.0029296875
12.0,0,0.0,,,,,,,,,,not_tested_small_n,resnet50,123,darkening_sev3,ES_cos,family_3_stability,source_video,,
12.0,0,0.0,,,,,,,,,,not_tested_small_n,resnet50,123,darkening_sev3,explanation_IoU,family_3_stability,source_video,,
,12,,,,,,,0.5567370561768314,,,,tested,resnet50,123,darkening_sev3,SO_vs_blur,family_4a_loc_faith,source_video,-0.18881118881118883,0.9827917689028476
,12,,,,,,,0.5717012385276553,,,,tested,resnet50,123,darkening_sev3,SO_vs_zero,family_4a_loc_faith,source_video,0.18181818181818185,0.9827917689028476
,12,,,,,,,0.9484022252365222,,,,tested,resnet50,123,darkening_sev3,SO_vs_mean,family_4a_loc_faith,source_video,-0.02097902097902098,0.9827917689028476
,12,,,,,,,0.729194990751066,,,,tested,resnet50,123,darkening_sev3,IoU_vs_blur,family_4a_loc_faith,source_video,-0.11188811188811189,0.9827917689028476
,12,,,,,,,0.4844516614553987,,,,tested,resnet50,123,darkening_sev3,IoU_vs_zero,family_4a_loc_faith,source_video,0.22377622377622378,0.9827917689028476
,12,,,,,,,0.9827917689028476,,,,tested,resnet50,123,darkening_sev3,IoU_vs_mean,family_4a_loc_faith,source_video,0.006993006993006993,0.9827917689028476
,12,,,,,,,0.6330906812462617,,,,tested,resnet50,123,darkening_sev3,SM_vs_blur,family_4a_loc_faith,source_video,-0.15384615384615385,0.9827917689028476
,12,,,,,,,0.45680085263992326,,,,tested,resnet50,123,darkening_sev3,SM_vs_zero,family_4a_loc_faith,source_video,0.2377622377622378,0.9827917689028476
,12,,,,,,,0.8969858708195542,,,,tested,resnet50,123,darkening_sev3,SM_vs_mean,family_4a_loc_faith,source_video,0.04195804195804196,0.9827917689028476
,12,,,,,,,0.05126558978649151,,,,tested,resnet50,123,darkening_sev3,Dprob_vs_DSO,family_4b_det_exp_deg,source_video,0.5734265734265735,0.05126558978649151
,12,,,,,,,0.03858845292201946,,,,tested,resnet50,123,darkening_sev3,Dprob_vs_DIoU,family_4b_det_exp_deg,source_video,0.6013986013986015,0.040266211744715966
,0,,,,,,,,,,,not_tested_small_n,resnet50,123,darkening_sev3,Dprob_vs_Dstability,family_4b_det_exp_deg,source_video,,
12.0,12,12.0,0.25842921463769697,0.24201770075895238,0.01641151387874458,0.009420256446572572,2.0,0.00146484375,0.9487179487179487,0.008052140949118854,0.02680043185246114,tested,resnet50,123,jpeg_sev1,SO,family_1_localization,source_video,,0.00703125
12.0,12,12.0,0.15568354182609964,0.14423825946350752,0.011445282362592098,0.007044052116456284,2.0,0.00146484375,0.9487179487179487,0.005827690557527945,0.01822488463980032,tested,resnet50,123,jpeg_sev1,IoU,family_1_localization,source_video,,0.00703125
12.0,12,12.0,0.25823693564992867,0.244496592721021,0.013740342928907684,0.005730628736258542,2.0,0.00146484375,0.9487179487179487,0.005053739239008059,0.02581125181252932,tested,resnet50,123,jpeg_sev1,saliency_mass,family_1_localization,source_video,,0.00703125
12.0,12,10.0,0.3322296666895133,0.31636254197651464,0.01586712471299866,0.00913280035531866,11.0,0.10546875,0.6,0.0006791078478000005,0.03742037637795699,tested,resnet50,123,jpeg_sev1,hit_rate,family_1_localization,source_video,,0.18080357142857142
12.0,12,12.0,0.04598088259290489,0.0013846035102173249,0.044596279082687575,0.02485582377720932,3.0,0.00244140625,0.9230769230769231,0.01752435782449021,0.07585441792964502,tested,resnet50,123,jpeg_sev1,faithfulness_blur,family_2_faithfulness,source_video,,0.00732421875
12.0,12,12.0,0.6548642437097679,0.576089662106535,0.07877458160323299,0.03007261211762091,0.0,0.00048828125,1.0,0.030689442830467827,0.13852737997104753,tested,resnet50,123,jpeg_sev1,faithfulness_zero,family_2_faithfulness,source_video,,0.0029296875
12.0,12,12.0,0.5330614808352593,0.4744757161450279,0.058585764690231336,0.017934436745444815,8.0,0.01220703125,0.7948717948717948,0.015417572363591064,0.11626389479757682,tested,resnet50,123,jpeg_sev1,faithfulness_mean,family_2_faithfulness,source_video,,0.0274658203125
12.0,0,0.0,,,,,,,,,,not_tested_small_n,resnet50,123,jpeg_sev1,ES_cos,family_3_stability,source_video,,
12.0,0,0.0,,,,,,,,,,not_tested_small_n,resnet50,123,jpeg_sev1,explanation_IoU,family_3_stability,source_video,,
,12,,,,,,,0.5567370561768314,,,,tested,resnet50,123,jpeg_sev1,SO_vs_blur,family_4a_loc_faith,source_video,-0.18881118881118883,0.9827917689028476
,12,,,,,,,0.5717012385276553,,,,tested,resnet50,123,jpeg_sev1,SO_vs_zero,family_4a_loc_faith,source_video,0.18181818181818185,0.9827917689028476
,12,,,,,,,0.9484022252365222,,,,tested,resnet50,123,jpeg_sev1,SO_vs_mean,family_4a_loc_faith,source_video,-0.02097902097902098,0.9827917689028476
,12,,,,,,,0.729194990751066,,,,tested,resnet50,123,jpeg_sev1,IoU_vs_blur,family_4a_loc_faith,source_video,-0.11188811188811189,0.9827917689028476
,12,,,,,,,0.4844516614553987,,,,tested,resnet50,123,jpeg_sev1,IoU_vs_zero,family_4a_loc_faith,source_video,0.22377622377622378,0.9827917689028476
,12,,,,,,,0.9827917689028476,,,,tested,resnet50,123,jpeg_sev1,IoU_vs_mean,family_4a_loc_faith,source_video,0.006993006993006993,0.9827917689028476
,12,,,,,,,0.6330906812462617,,,,tested,resnet50,123,jpeg_sev1,SM_vs_blur,family_4a_loc_faith,source_video,-0.15384615384615385,0.9827917689028476
,12,,,,,,,0.45680085263992326,,,,tested,resnet50,123,jpeg_sev1,SM_vs_zero,family_4a_loc_faith,source_video,0.2377622377622378,0.9827917689028476
,12,,,,,,,0.8969858708195542,,,,tested,resnet50,123,jpeg_sev1,SM_vs_mean,family_4a_loc_faith,source_video,0.04195804195804196,0.9827917689028476
,12,,,,,,,0.00011413359814618021,,,,tested,resnet50,123,jpeg_sev1,Dprob_vs_DSO,family_4b_det_exp_deg,source_video,0.8881118881118882,0.00030435626172314726
,12,,,,,,,8.366586429091718e-05,,,,tested,resnet50,123,jpeg_sev1,Dprob_vs_DIoU,family_4b_det_exp_deg,source_video,0.8951048951048951,0.0002509975928727515
,0,,,,,,,,,,,not_tested_small_n,resnet50,123,jpeg_sev1,Dprob_vs_Dstability,family_4b_det_exp_deg,source_video,,
12.0,12,12.0,0.25842921463769697,0.15909173859969075,0.09933747603800623,0.11353582776904042,3.0,0.00244140625,0.9230769230769231,0.059870592303715074,0.13384357988113976,tested,resnet50,123,jpeg_sev2,SO,family_1_localization,source_video,,0.00732421875
12.0,12,12.0,0.15568354182609964,0.09053867579759879,0.06514486602850084,0.07282681509143694,3.0,0.00244140625,0.9230769230769231,0.038895273902751284,0.08913452884300914,tested,resnet50,123,jpeg_sev2,IoU,family_1_localization,source_video,,0.00732421875
12.0,12,12.0,0.25823693564992867,0.1625783965833759,0.09565853906655279,0.11192805632376088,3.0,0.00244140625,0.9230769230769231,0.05574305194543978,0.13031942891809012,tested,resnet50,123,jpeg_sev2,saliency_mass,family_1_localization,source_video,,0.00732421875
12.0,12,11.0,0.3322296666895133,0.20024292193312032,0.13198674475639302,0.15665630808990694,3.0,0.0048828125,0.9090909090909091,0.07456221170495725,0.1834441118293105,tested,resnet50,123,jpeg_sev2,hit_rate,family_1_localization,source_video,,0.01171875
12.0,12,12.0,0.04598088259290489,-0.10133409321523529,0.14731497580814018,0.1401765787757795,8.0,0.01220703125,0.7948717948717948,0.06601492619290514,0.23761188606753997,tested,resnet50,123,jpeg_sev2,faithfulness_blur,family_2_faithfulness,source_video,,0.0274658203125
12.0,12,12.0,0.6548642437097679,0.29124011544291484,0.36362412826685325,0.42757966403891534,2.0,0.00146484375,0.9487179487179487,0.22769315323193062,0.4877152222568437,tested,resnet50,123,jpeg_sev2,faithfulness_zero,family_2_faithfulness,source_video,,0.006591796875
12.0,12,12.0,0.5330614808352593,0.23197102223401012,0.3010904586012491,0.34637374232920315,0.0,0.00048828125,1.0,0.18014778787117974,0.41128582258929297,tested,resnet50,123,jpeg_sev2,faithfulness_mean,family_2_faithfulness,source_video,,0.0029296875
12.0,0,0.0,,,,,,,,,,not_tested_small_n,resnet50,123,jpeg_sev2,ES_cos,family_3_stability,source_video,,
12.0,0,0.0,,,,,,,,,,not_tested_small_n,resnet50,123,jpeg_sev2,explanation_IoU,family_3_stability,source_video,,
,12,,,,,,,0.5567370561768314,,,,tested,resnet50,123,jpeg_sev2,SO_vs_blur,family_4a_loc_faith,source_video,-0.18881118881118883,0.9827917689028476
,12,,,,,,,0.5717012385276553,,,,tested,resnet50,123,jpeg_sev2,SO_vs_zero,family_4a_loc_faith,source_video,0.18181818181818185,0.9827917689028476
,12,,,,,,,0.9484022252365222,,,,tested,resnet50,123,jpeg_sev2,SO_vs_mean,family_4a_loc_faith,source_video,-0.02097902097902098,0.9827917689028476
,12,,,,,,,0.729194990751066,,,,tested,resnet50,123,jpeg_sev2,IoU_vs_blur,family_4a_loc_faith,source_video,-0.11188811188811189,0.9827917689028476
,12,,,,,,,0.4844516614553987,,,,tested,resnet50,123,jpeg_sev2,IoU_vs_zero,family_4a_loc_faith,source_video,0.22377622377622378,0.9827917689028476
,12,,,,,,,0.9827917689028476,,,,tested,resnet50,123,jpeg_sev2,IoU_vs_mean,family_4a_loc_faith,source_video,0.006993006993006993,0.9827917689028476
,12,,,,,,,0.6330906812462617,,,,tested,resnet50,123,jpeg_sev2,SM_vs_blur,family_4a_loc_faith,source_video,-0.15384615384615385,0.9827917689028476
,12,,,,,,,0.45680085263992326,,,,tested,resnet50,123,jpeg_sev2,SM_vs_zero,family_4a_loc_faith,source_video,0.2377622377622378,0.9827917689028476
,12,,,,,,,0.8969858708195542,,,,tested,resnet50,123,jpeg_sev2,SM_vs_mean,family_4a_loc_faith,source_video,0.04195804195804196,0.9827917689028476
,12,,,,,,,0.000331668339126921,,,,tested,resnet50,123,jpeg_sev2,Dprob_vs_DSO,family_4b_det_exp_deg,source_video,0.8601398601398602,0.0005685742956461503
,12,,,,,,,0.0013633152527271926,,,,tested,resnet50,123,jpeg_sev2,Dprob_vs_DIoU,family_4b_det_exp_deg,source_video,0.8111888111888113,0.002044972879090789
,0,,,,,,,,,,,not_tested_small_n,resnet50,123,jpeg_sev2,Dprob_vs_Dstability,family_4b_det_exp_deg,source_video,,
12.0,12,12.0,0.25842921463769697,0.06266942041814232,0.19575979421955467,0.1812814566210183,0.0,0.00048828125,1.0,0.14783436805980843,0.24368215309199126,tested,resnet50,123,jpeg_sev3,SO,family_1_localization,source_video,,0.005859375
12.0,12,12.0,0.15568354182609964,0.033107322665860715,0.1225762191602389,0.12050544138595676,0.0,0.00048828125,1.0,0.0945294159723123,0.14845016988616397,tested,resnet50,123,jpeg_sev3,IoU,family_1_localization,source_video,,0.005859375
12.0,12,12.0,0.25823693564992867,0.06383340500828714,0.1944035306416415,0.1776745479681844,0.0,0.00048828125,1.0,0.14507946642899952,0.24633199822414026,tested,resnet50,123,jpeg_sev3,saliency_mass,family_1_localization,source_video,,0.005859375
12.0,12,12.0,0.3322296666895133,0.06304586095308341,0.2691838057364299,0.24621973476536121,0.0,0.00048828125,1.0,0.1877579902925107,0.36253440984549645,tested,resnet50,123,jpeg_sev3,hit_rate,family_1_localization,source_video,,0.005859375
12.0,12,12.0,0.04598088259290489,-0.07801816557364032,0.12399904816654521,0.07058705624820841,16.0,0.0771484375,0.5897435897435898,0.03130485253066238,0.2220247243809602,tested,resnet50,123,jpeg_sev3,faithfulness_blur,family_2_faithfulness,source_video,,0.11109375
12.0,12,12.0,0.6548642437097679,0.05176530030165464,0.6030989434081133,0.6485453607901984,0.0,0.00048828125,1.0,0.46544829001489196,0.7103311174764673,tested,resnet50,123,jpeg_sev3,faithfulness_zero,family_2_faithfulness,source_video,,0.0029296875
12.0,12,12.0,0.5330614808352593,0.02431666939400964,0.5087448114412496,0.5085521103397967,0.0,0.00048828125,1.0,0.4065076109342739,0.6064180626991763,tested,resnet50,123,jpeg_sev3,faithfulness_mean,family_2_faithfulness,source_video,,0.0029296875
12.0,0,0.0,,,,,,,,,,not_tested_small_n,resnet50,123,jpeg_sev3,ES_cos,family_3_stability,source_video,,
12.0,0,0.0,,,,,,,,,,not_tested_small_n,resnet50,123,jpeg_sev3,explanation_IoU,family_3_stability,source_video,,
,12,,,,,,,0.5567370561768314,,,,tested,resnet50,123,jpeg_sev3,SO_vs_blur,family_4a_loc_faith,source_video,-0.18881118881118883,0.9827917689028476
,12,,,,,,,0.5717012385276553,,,,tested,resnet50,123,jpeg_sev3,SO_vs_zero,family_4a_loc_faith,source_video,0.18181818181818185,0.9827917689028476
,12,,,,,,,0.9484022252365222,,,,tested,resnet50,123,jpeg_sev3,SO_vs_mean,family_4a_loc_faith,source_video,-0.02097902097902098,0.9827917689028476
,12,,,,,,,0.729194990751066,,,,tested,resnet50,123,jpeg_sev3,IoU_vs_blur,family_4a_loc_faith,source_video,-0.11188811188811189,0.9827917689028476
,12,,,,,,,0.4844516614553987,,,,tested,resnet50,123,jpeg_sev3,IoU_vs_zero,family_4a_loc_faith,source_video,0.22377622377622378,0.9827917689028476
,12,,,,,,,0.9827917689028476,,,,tested,resnet50,123,jpeg_sev3,IoU_vs_mean,family_4a_loc_faith,source_video,0.006993006993006993,0.9827917689028476
,12,,,,,,,0.6330906812462617,,,,tested,resnet50,123,jpeg_sev3,SM_vs_blur,family_4a_loc_faith,source_video,-0.15384615384615385,0.9827917689028476
,12,,,,,,,0.45680085263992326,,,,tested,resnet50,123,jpeg_sev3,SM_vs_zero,family_4a_loc_faith,source_video,0.2377622377622378,0.9827917689028476
,12,,,,,,,0.8969858708195542,,,,tested,resnet50,123,jpeg_sev3,SM_vs_mean,family_4a_loc_faith,source_video,0.04195804195804196,0.9827917689028476
,12,,,,,,,0.003950448972542647,,,,tested,resnet50,123,jpeg_sev3,Dprob_vs_DSO,family_4b_det_exp_deg,source_video,0.7622377622377624,0.004740538767051177
,12,,,,,,,0.003950448972542647,,,,tested,resnet50,123,jpeg_sev3,Dprob_vs_DIoU,family_4b_det_exp_deg,source_video,0.7622377622377624,0.004740538767051177
,0,,,,,,,,,,,not_tested_small_n,resnet50,123,jpeg_sev3,Dprob_vs_Dstability,family_4b_det_exp_deg,source_video,,
12.0,12,12.0,0.25842921463769697,0.26856194977479675,-0.010132735137099712,-0.00388851256018663,3.0,0.00244140625,-0.9230769230769231,-0.01990119764214507,-0.003138575810067535,tested,resnet50,123,resize_sev1,SO,family_1_localization,source_video,,0.00732421875
12.0,12,12.0,0.15568354182609964,0.16348377085662835,-0.007800229030528739,-0.003227388437958084,3.0,0.00244140625,-0.9230769230769231,-0.015270635134624075,-0.0024085498418904955,tested,resnet50,123,resize_sev1,IoU,family_1_localization,source_video,,0.00732421875
12.0,12,12.0,0.25823693564992867,0.26581014761662414,-0.007573211966695408,-0.001209709946920226,6.0,0.0068359375,-0.8461538461538461,-0.01779520776345876,-0.0012658641487116955,tested,resnet50,123,resize_sev1,saliency_mass,family_1_localization,source_video,,0.014266304347826086
12.0,12,10.0,0.3322296666895133,0.3428729690796288,-0.010643302390115406,-0.004222056429734111,11.0,0.10546875,-0.6,-0.025133464059488686,-0.0008138206718685505,tested,resnet50,123,resize_sev1,hit_rate,family_1_localization,source_video,,0.18080357142857142
12.0,12,12.0,0.04598088259290489,0.04122080939772946,0.004760073195175449,-0.0012079330533600488,38.0,0.9697265625,-0.02564102564102564,-0.00833323530060969,0.02065160054674274,tested,resnet50,123,resize_sev1,faithfulness_blur,family_2_faithfulness,source_video,,0.9697265625
12.0,12,12.0,0.6548642437097679,0.6386789775310148,0.016185266178753193,0.03916200038915918,21.0,0.17626953125,0.46153846153846156,-0.03411020907803468,0.054107176383275626,tested,resnet50,123,resize_sev1,faithfulness_zero,family_2_faithfulness,source_video,,0.22663225446428573
12.0,12,12.0,0.5330614808352593,0.504412812415227,0.028648668420032317,0.031861048904584854,12.0,0.0341796875,0.6923076923076923,-0.012874384621064083,0.0578668335947447,tested,resnet50,123,resize_sev1,faithfulness_mean,family_2_faithfulness,source_video,,0.05859375
12.0,0,0.0,,,,,,,,,,not_tested_small_n,resnet50,123,resize_sev1,ES_cos,family_3_stability,source_video,,
12.0,0,0.0,,,,,,,,,,not_tested_small_n,resnet50,123,resize_sev1,explanation_IoU,family_3_stability,source_video,,
,12,,,,,,,0.5567370561768314,,,,tested,resnet50,123,resize_sev1,SO_vs_blur,family_4a_loc_faith,source_video,-0.18881118881118883,0.9827917689028476
,12,,,,,,,0.5717012385276553,,,,tested,resnet50,123,resize_sev1,SO_vs_zero,family_4a_loc_faith,source_video,0.18181818181818185,0.9827917689028476
,12,,,,,,,0.9484022252365222,,,,tested,resnet50,123,resize_sev1,SO_vs_mean,family_4a_loc_faith,source_video,-0.02097902097902098,0.9827917689028476
,12,,,,,,,0.729194990751066,,,,tested,resnet50,123,resize_sev1,IoU_vs_blur,family_4a_loc_faith,source_video,-0.11188811188811189,0.9827917689028476
,12,,,,,,,0.4844516614553987,,,,tested,resnet50,123,resize_sev1,IoU_vs_zero,family_4a_loc_faith,source_video,0.22377622377622378,0.9827917689028476
,12,,,,,,,0.9827917689028476,,,,tested,resnet50,123,resize_sev1,IoU_vs_mean,family_4a_loc_faith,source_video,0.006993006993006993,0.9827917689028476
,12,,,,,,,0.6330906812462617,,,,tested,resnet50,123,resize_sev1,SM_vs_blur,family_4a_loc_faith,source_video,-0.15384615384615385,0.9827917689028476
,12,,,,,,,0.45680085263992326,,,,tested,resnet50,123,resize_sev1,SM_vs_zero,family_4a_loc_faith,source_video,0.2377622377622378,0.9827917689028476
,12,,,,,,,0.8969858708195542,,,,tested,resnet50,123,resize_sev1,SM_vs_mean,family_4a_loc_faith,source_video,0.04195804195804196,0.9827917689028476
,12,,,,,,,1.1702227928659685e-05,,,,tested,resnet50,123,resize_sev1,Dprob_vs_DSO,family_4b_det_exp_deg,source_video,0.9300699300699302,7.02133675719581e-05
,12,,,,,,,1.8621951098680993e-05,,,,tested,resnet50,123,resize_sev1,Dprob_vs_DIoU,family_4b_det_exp_deg,source_video,0.9230769230769231,8.938536527366876e-05
,0,,,,,,,,,,,not_tested_small_n,resnet50,123,resize_sev1,Dprob_vs_Dstability,family_4b_det_exp_deg,source_video,,
12.0,12,12.0,0.25842921463769697,0.2702993513070789,-0.011870136669381878,-0.006542520479825051,6.0,0.0068359375,-0.8461538461538461,-0.02469655291384076,-0.0032059025536874263,tested,resnet50,123,resize_sev2,SO,family_1_localization,source_video,,0.014266304347826086
12.0,12,12.0,0.15568354182609964,0.165086803450435,-0.0094032616243354,-0.004547681608270508,5.0,0.0048828125,-0.8717948717948718,-0.019626716474382754,-0.0025698873143923857,tested,resnet50,123,resize_sev2,IoU,family_1_localization,source_video,,0.01171875
12.0,12,12.0,0.25823693564992867,0.2673036847609992,-0.009066749111070532,-0.002250468073218284,11.0,0.02685546875,-0.717948717948718,-0.021567754217246847,-0.0013351137531416339,tested,resnet50,123,resize_sev2,saliency_mass,family_1_localization,source_video,,0.0537109375
12.0,12,12.0,0.3322296666895133,0.3439449819916274,-0.011715315302114088,-0.004132258081175844,21.0,0.17626953125,-0.46153846153846156,-0.028425142504801,-0.0004905533033173724,tested,resnet50,123,resize_sev2,hit_rate,family_1_localization,source_video,,0.264404296875
12.0,12,12.0,0.04598088259290489,0.03799098300779659,0.007989899585108323,-0.0024670269249274695,38.0,0.9697265625,-0.02564102564102564,-0.010124185412326405,0.03165997236909803,tested,resnet50,123,resize_sev2,faithfulness_blur,family_2_faithfulness,source_video,,0.9697265625
12.0,12,12.0,0.6548642437097679,0.6142010673499011,0.04066317635986689,0.07055976210779547,16.0,0.0771484375,0.5897435897435898,-0.02296002669447439,0.09024589234065326,tested,resnet50,123,resize_sev2,faithfulness_zero,family_2_faithfulness,source_video,,0.11109375
12.0,12,12.0,0.5330614808352593,0.4780174513282584,0.05504402950700087,0.0732497677557607,12.0,0.0341796875,0.6923076923076923,0.006444204654691009,0.08577635098021592,tested,resnet50,123,resize_sev2,faithfulness_mean,family_2_faithfulness,source_video,,0.05859375
12.0,0,0.0,,,,,,,,,,not_tested_small_n,resnet50,123,resize_sev2,ES_cos,family_3_stability,source_video,,
12.0,0,0.0,,,,,,,,,,not_tested_small_n,resnet50,123,resize_sev2,explanation_IoU,family_3_stability,source_video,,
,12,,,,,,,0.5567370561768314,,,,tested,resnet50,123,resize_sev2,SO_vs_blur,family_4a_loc_faith,source_video,-0.18881118881118883,0.9827917689028476
,12,,,,,,,0.5717012385276553,,,,tested,resnet50,123,resize_sev2,SO_vs_zero,family_4a_loc_faith,source_video,0.18181818181818185,0.9827917689028476
,12,,,,,,,0.9484022252365222,,,,tested,resnet50,123,resize_sev2,SO_vs_mean,family_4a_loc_faith,source_video,-0.02097902097902098,0.9827917689028476
,12,,,,,,,0.729194990751066,,,,tested,resnet50,123,resize_sev2,IoU_vs_blur,family_4a_loc_faith,source_video,-0.11188811188811189,0.9827917689028476
,12,,,,,,,0.4844516614553987,,,,tested,resnet50,123,resize_sev2,IoU_vs_zero,family_4a_loc_faith,source_video,0.22377622377622378,0.9827917689028476
,12,,,,,,,0.9827917689028476,,,,tested,resnet50,123,resize_sev2,IoU_vs_mean,family_4a_loc_faith,source_video,0.006993006993006993,0.9827917689028476
,12,,,,,,,0.6330906812462617,,,,tested,resnet50,123,resize_sev2,SM_vs_blur,family_4a_loc_faith,source_video,-0.15384615384615385,0.9827917689028476
,12,,,,,,,0.45680085263992326,,,,tested,resnet50,123,resize_sev2,SM_vs_zero,family_4a_loc_faith,source_video,0.2377622377622378,0.9827917689028476
,12,,,,,,,0.8969858708195542,,,,tested,resnet50,123,resize_sev2,SM_vs_mean,family_4a_loc_faith,source_video,0.04195804195804196,0.9827917689028476
,12,,,,,,,0.000331668339126921,,,,tested,resnet50,123,resize_sev2,Dprob_vs_DSO,family_4b_det_exp_deg,source_video,0.8601398601398602,0.0005685742956461503
,12,,,,,,,0.0006428259886278203,,,,tested,resnet50,123,resize_sev2,Dprob_vs_DIoU,family_4b_det_exp_deg,source_video,0.8391608391608393,0.0010285215818045125
,0,,,,,,,,,,,not_tested_small_n,resnet50,123,resize_sev2,Dprob_vs_Dstability,family_4b_det_exp_deg,source_video,,
12.0,12,12.0,0.25842921463769697,0.25622417063717806,0.002205044000518903,-0.0033020155905331694,38.0,0.9697265625,0.02564102564102564,-0.01779041845218466,0.020591200349052898,tested,resnet50,123,resize_sev3,SO,family_1_localization,source_video,,0.9697265625
12.0,12,12.0,0.15568354182609964,0.155222308073113,0.0004612337529866413,-0.0025119552835103365,38.0,0.9697265625,0.02564102564102564,-0.014911181861050221,0.013974319539932544,tested,resnet50,123,resize_sev3,IoU,family_1_localization,source_video,,0.9697265625
12.0,12,12.0,0.25823693564992867,0.2558699437904201,0.002366991859508581,-0.0011447100222620882,34.0,0.7333984375,-0.1282051282051282,-0.017019253163980924,0.022702370225546872,tested,resnet50,123,resize_sev3,saliency_mass,family_1_localization,source_video,,0.7822916666666667
12.0,12,12.0,0.3322296666895133,0.33047133869733236,0.0017583279921809896,-0.002998963576103325,34.0,0.7333984375,-0.1282051282051282,-0.020785236522576814,0.024671505233933414,tested,resnet50,123,resize_sev3,hit_rate,family_1_localization,source_video,,0.7822916666666667
12.0,12,12.0,0.04598088259290489,-0.009486429889144303,0.0554673124820492,0.009378270797042922,21.0,0.17626953125,0.46153846153846156,-3.488574596068278e-05,0.13859538412981393,tested,resnet50,123,resize_sev3,faithfulness_blur,family_2_faithfulness,source_video,,0.22663225446428573
12.0,12,12.0,0.6548642437097679,0.5211672528417762,0.1336969908679918,0.10536150245844522,8.0,0.01220703125,0.7948717948717948,0.03428106339569623,0.23589238439081409,tested,resnet50,123,resize_sev3,faithfulness_zero,family_2_faithfulness,source_video,,0.0274658203125
12.0,12,12.0,0.5330614808352593,0.39793664523135835,0.1351248356039009,0.09455226812740322,8.0,0.01220703125,0.7948717948717948,0.04238273144052583,0.24404740349299356,tested,resnet50,123,resize_sev3,faithfulness_mean,family_2_faithfulness,source_video,,0.0274658203125
12.0,0,0.0,,,,,,,,,,not_tested_small_n,resnet50,123,resize_sev3,ES_cos,family_3_stability,source_video,,
12.0,0,0.0,,,,,,,,,,not_tested_small_n,resnet50,123,resize_sev3,explanation_IoU,family_3_stability,source_video,,
,12,,,,,,,0.5567370561768314,,,,tested,resnet50,123,resize_sev3,SO_vs_blur,family_4a_loc_faith,source_video,-0.18881118881118883,0.9827917689028476
,12,,,,,,,0.5717012385276553,,,,tested,resnet50,123,resize_sev3,SO_vs_zero,family_4a_loc_faith,source_video,0.18181818181818185,0.9827917689028476
,12,,,,,,,0.9484022252365222,,,,tested,resnet50,123,resize_sev3,SO_vs_mean,family_4a_loc_faith,source_video,-0.02097902097902098,0.9827917689028476
,12,,,,,,,0.729194990751066,,,,tested,resnet50,123,resize_sev3,IoU_vs_blur,family_4a_loc_faith,source_video,-0.11188811188811189,0.9827917689028476
,12,,,,,,,0.4844516614553987,,,,tested,resnet50,123,resize_sev3,IoU_vs_zero,family_4a_loc_faith,source_video,0.22377622377622378,0.9827917689028476
,12,,,,,,,0.9827917689028476,,,,tested,resnet50,123,resize_sev3,IoU_vs_mean,family_4a_loc_faith,source_video,0.006993006993006993,0.9827917689028476
,12,,,,,,,0.6330906812462617,,,,tested,resnet50,123,resize_sev3,SM_vs_blur,family_4a_loc_faith,source_video,-0.15384615384615385,0.9827917689028476
,12,,,,,,,0.45680085263992326,,,,tested,resnet50,123,resize_sev3,SM_vs_zero,family_4a_loc_faith,source_video,0.2377622377622378,0.9827917689028476
,12,,,,,,,0.8969858708195542,,,,tested,resnet50,123,resize_sev3,SM_vs_mean,family_4a_loc_faith,source_video,0.04195804195804196,0.9827917689028476
,12,,,,,,,0.024003191200713647,,,,tested,resnet50,123,resize_sev3,Dprob_vs_DSO,family_4b_det_exp_deg,source_video,0.6433566433566434,0.026185299491687616
,12,,,,,,,0.022034190932365316,,,,tested,resnet50,123,resize_sev3,Dprob_vs_DIoU,family_4b_det_exp_deg,source_video,0.6503496503496504,0.025181932494131788
,0,,,,,,,,,,,not_tested_small_n,resnet50,123,resize_sev3,Dprob_vs_Dstability,family_4b_det_exp_deg,source_video,,
