transformation,severity,direction,parameter_name,parameter_value,model,seed,overall_mean_delta_p,overall_median_delta_p,overall_mean_abs_delta_p,real_mean_delta_p,real_median_delta_p,fake_mean_delta_p,fake_median_delta_p
brightness_bright,1,brighter,factor,1.2,efficientnet_b0,42,-0.04792771995222442,-0.02004805215351985,0.04792771995222442,-0.02485824868074979,-0.0075150123548333,-0.07099719122369905,-0.029532120374960613
brightness_bright,1,brighter,factor,1.2,efficientnet_b0,123,-0.05985234601854924,-0.015392984209130933,0.06431290443110453,-0.029276471340040213,-0.0006129895361440001,-0.09042822069705829,-0.03050990115764385
brightness_bright,1,brighter,factor,1.2,efficientnet_b0,2024,-0.0456444162203701,-0.01234995681370225,0.04764735510969669,-0.02630357718593102,-0.01234995681370225,-0.06498525525480918,-0.013909111884776615
brightness_bright,1,brighter,factor,1.2,resnet50,42,-0.05552245340701257,-0.04109250935949835,0.06125332552547003,-0.036754183478547975,-0.02999854784658425,-0.07429072333547716,-0.06548545342454576
brightness_bright,1,brighter,factor,1.2,resnet50,123,-0.006543289933498349,0.0005439390963764772,0.04028297152851033,-0.026133859127928327,0.00048449866170395,0.013047279260931632,0.0006127028770399612
brightness_bright,1,brighter,factor,1.2,resnet50,2024,-0.05080207864737455,-0.016256250506185843,0.05990715707421729,-0.019955760873868307,-0.0031845708120652526,-0.0816483964208808,-0.023481792505275212
brightness_bright,1,brighter,factor,1.2,xception,42,-0.05342443458825947,-0.018175788272066257,0.05342443458825947,-0.0180951822855363,-0.005194942240528647,-0.08875368689098263,-0.040639107895770944
brightness_bright,1,brighter,factor,1.2,xception,123,-0.032472571921601245,-0.00619174981949115,0.03532275726976309,-0.013590795195232134,-0.00619174981949115,-0.05135434864797036,-0.004482398842248936
brightness_bright,1,brighter,factor,1.2,xception,2024,-0.03394107539857009,-0.0069154576854299505,0.04206409843464851,-0.026480515840428195,-0.01008816471052635,-0.04140163495671199,-0.003710846674556678
brightness_bright,2,brighter,factor,1.4,efficientnet_b0,42,-0.09374727640543105,-0.022139654533861547,0.09411101165236146,-0.03678683084095662,-0.0096364769617053,-0.15070772196990548,-0.07470689039750827
brightness_bright,2,brighter,factor,1.4,efficientnet_b0,123,-0.08214002866512828,-0.013072675745217366,0.10980641918604944,-0.030878447531580408,-0.00021835091673890714,-0.13340160979867613,-0.0320504145015848
brightness_bright,2,brighter,factor,1.4,efficientnet_b0,2024,-0.08724369152162166,-0.03249748435339305,0.08761765901064096,-0.04732242129461279,-0.02248091348335146,-0.12716496174863054,-0.07888464715873383
brightness_bright,2,brighter,factor,1.4,resnet50,42,-0.12043953337100248,-0.05833619621275299,0.1303169484115853,-0.05405419325064648,-0.02821178911604935,-0.18682487349135843,-0.09474201291236506
brightness_bright,2,brighter,factor,1.4,resnet50,123,-0.047171933106060916,-0.012996892188888005,0.09536933051457537,-0.03703419780369665,-0.010234183950770298,-0.05730966840842519,-0.017670944874787986
brightness_bright,2,brighter,factor,1.4,resnet50,2024,-0.11449636671576136,-0.014906554268846031,0.12939146012126135,-0.037609262151739965,-0.0056073099749953,-0.1913834712797827,-0.11721473850004815
brightness_bright,2,brighter,factor,1.4,xception,42,-0.11682867644201879,-0.028915614099037514,0.11807634928563426,-0.052214735173558464,-0.0078146275009696,-0.18144261771047918,-0.06381330959177614
brightness_bright,2,brighter,factor,1.4,xception,123,-0.07792459976743815,-0.02229422038728915,0.08344041934884426,-0.029013889115829094,-0.01331039633964125,-0.12683531041904722,-0.07000299033352725
brightness_bright,2,brighter,factor,1.4,xception,2024,-0.06590598945035793,-0.009479282828181449,0.07425601889393658,-0.043499138224415784,-0.009479282828181449,-0.08831284067630008,-0.021135156041579894
brightness_bright,3,brighter,factor,1.6,efficientnet_b0,42,-0.17531931095735934,-0.026710787694275883,0.17544172748620604,-0.0523003947193341,-0.010275254251928049,-0.29833822719538455,-0.1690961195216621
brightness_bright,3,brighter,factor,1.6,efficientnet_b0,123,-0.09968559807490392,-0.026676492205379626,0.1446647060675977,-0.030697955083856563,-0.00186282266274915,-0.16867324106595127,-0.06439636791507582
brightness_bright,3,brighter,factor,1.6,efficientnet_b0,2024,-0.14076718014915568,-0.05204221522973354,0.14260193958394202,-0.0705668678097856,-0.031690142564450303,-0.21096749248852578,-0.09003281372619559
brightness_bright,3,brighter,factor,1.6,resnet50,42,-0.18380924776135962,-0.056265456652680304,0.18916513632555743,-0.06394465172450611,-0.030088372006686008,-0.3036738437982131,-0.1803811952744732
brightness_bright,3,brighter,factor,1.6,resnet50,123,-0.11657057224554929,-0.001744038606667243,0.157751103287035,-0.03852498405056551,-0.0013843997480452498,-0.194616160440533,-0.06267753991814373
brightness_bright,3,brighter,factor,1.6,resnet50,2024,-0.19245651959815588,-0.0629230610663628,0.19863114396877712,-0.03578332680355125,-0.0015880842734215354,-0.3491297123927605,-0.2677107438055948
brightness_bright,3,brighter,factor,1.6,xception,42,-0.17149257243619154,-0.04247566462413688,0.1862396404483597,-0.056125720499312644,-0.00656138544812135,-0.28685942437307044,-0.2816953855438445
brightness_bright,3,brighter,factor,1.6,xception,123,-0.15930574956252863,-0.035862300256104304,0.1595409014762582,-0.0441329173172599,-0.01204148800717555,-0.2744785818077974,-0.18250335863056244
brightness_bright,3,brighter,factor,1.6,xception,2024,-0.1498021188614714,-0.028018184993170048,0.15093849236480872,-0.0622216893161782,-0.011537969297530598,-0.23738254840676465,-0.16468237655829504
brightness_dark,1,darker,factor,0.8,efficientnet_b0,42,0.03711365223494171,0.021253536172123944,0.0371991065508128,0.04800839308389463,0.03773796576643995,0.026218911385988784,0.013786789566077762
brightness_dark,1,darker,factor,0.8,efficientnet_b0,123,0.022553125570969806,0.002895115647328442,0.03225851130547741,0.004913133532830872,0.00175471000380475,0.04019311760910874,0.0031492324590189913
brightness_dark,1,darker,factor,0.8,efficientnet_b0,2024,0.022433412973728802,0.003177166535034329,0.028826112628952003,0.03136891216401489,0.01575033025367998,0.013497913783442709,0.0010332028194600107
brightness_dark,1,darker,factor,0.8,resnet50,42,0.022883301905177882,0.005723846678492184,0.03684313571959844,0.04056182051814262,0.01645335058693815,0.005204783292213133,0.0015253169462423055
brightness_dark,1,darker,factor,0.8,resnet50,123,-0.05569855897611892,-0.02225657449256707,0.06282957852102057,-0.024492830500722314,-0.0006044902983139502,-0.08690428745151553,-0.03419889077682842
brightness_dark,1,darker,factor,0.8,resnet50,2024,-0.007071740111381353,-0.00022778424799439994,0.039085676874065105,0.020294358505110705,-4.2321154900845314e-05,-0.03443783872787341,-0.012299367387421323
brightness_dark,1,darker,factor,0.8,xception,42,0.040583044895320226,0.031069076628546105,0.040658815503570145,0.03410700386768234,0.0167133206986864,0.04705908592295813,0.03362976716373833
brightness_dark,1,darker,factor,0.8,xception,123,0.00466231687249719,0.00013360556708143763,0.013280402172562466,0.013959120006697363,0.005289503738638551,-0.004634486261702986,-0.0006401599159781002
brightness_dark,1,darker,factor,0.8,xception,2024,0.02707886501231113,0.007244579215992062,0.02803095199308118,0.046481245852056347,0.0105466989400385,0.007676484172565908,0.003836521467323939
brightness_dark,2,darker,factor,0.6,efficientnet_b0,42,0.14265749000938002,0.03166102091304829,0.14328452755120988,0.18640653684424838,0.16557656802419154,0.09890844317451168,0.026260045651690822
brightness_dark,2,darker,factor,0.6,efficientnet_b0,123,0.049034815570019374,0.012557946360254042,0.059936150977653035,0.04307111043281744,0.023862733918365,0.054998520707221325,0.005708935533114856
brightness_dark,2,darker,factor,0.6,efficientnet_b0,2024,0.05109853239099799,0.0049668154259482795,0.0779768939348388,0.09755107665530793,0.0561662184537699,0.004645988126688048,0.002304555811848241
brightness_dark,2,darker,factor,0.6,resnet50,42,0.05127811280715411,0.03291883552310809,0.1155933731225418,0.12326519098168315,0.0796012637299773,-0.02070896536737495,0.0033599854336114343
brightness_dark,2,darker,factor,0.6,resnet50,123,-0.14002876027568156,-0.055199788692075716,0.16741236786406585,-0.0388251832745751,-0.0040652793190476995,-0.24123233727678806,-0.16765636542569334
brightness_dark,2,darker,factor,0.6,resnet50,2024,-0.02932689748895791,-0.0009759993402320998,0.10714596214501353,0.06391175387610518,0.003018313781741499,-0.12256554885402099,-0.06689157899082215
brightness_dark,2,darker,factor,0.6,xception,42,0.1415680298986529,0.07621880317383442,0.1415680298986529,0.1631522059867513,0.08930287430323444,0.11998385381055449,0.06233155750577429
brightness_dark,2,darker,factor,0.6,xception,123,0.031347040928004916,0.002508115890664329,0.04195584467567267,0.06352866954820828,0.018214989453306456,-0.0008345876921984537,-0.0006864661354601398
brightness_dark,2,darker,factor,0.6,xception,2024,0.08347921980306498,0.02856764471187294,0.0841460628667765,0.14186556554622767,0.10632504240764666,0.025092874059902282,0.009435183174274386
brightness_dark,3,darker,factor,0.4,efficientnet_b0,42,0.19357712868537078,0.0315599637008873,0.24335058108050914,0.320734916566269,0.1212088609469532,0.06641934080447254,0.013865995405121512
brightness_dark,3,darker,factor,0.4,efficientnet_b0,123,0.016015134577745907,0.0049550839728995,0.10104720048381682,0.0577022004843186,0.037907696596735804,-0.025671931328826794,0.0013105241875899232
brightness_dark,3,darker,factor,0.4,efficientnet_b0,2024,0.05041673944381712,0.0016820475791673934,0.16197186709798495,0.19096455026251766,0.035343396401577715,-0.09013107137488342,-0.0008533197666117931
brightness_dark,3,darker,factor,0.4,resnet50,42,0.061265225799665236,0.01575172349462345,0.16612187677961787,0.1813129473607782,0.10979093918930904,-0.0587824957614477,-0.010964386985632235
brightness_dark,3,darker,factor,0.4,resnet50,123,-0.22177908254911752,-0.24463930798009098,0.2821156507968205,-0.023356494477034657,0.0352457140528852,-0.42020167062120045,-0.4033201218935169
brightness_dark,3,darker,factor,0.4,resnet50,2024,-0.20999105228644424,-0.1647383060338944,0.23751693663753273,0.00424658170084092,0.0015937910075968485,-0.4242286862737294,-0.3547533977771571
brightness_dark,3,darker,factor,0.4,xception,42,0.34470648067683185,0.19162603822553564,0.34470648067683185,0.5295040051072301,0.549710970024488,0.15990895624643361,0.06717811397941442
brightness_dark,3,darker,factor,0.4,xception,123,0.1136012810135346,0.03117816331953205,0.12181001211736427,0.21490986421125532,0.12879306390900092,0.012292697815813899,0.005758750097673071
brightness_dark,3,darker,factor,0.4,xception,2024,0.21458878781340474,0.10879780425367498,0.21458878781340474,0.376567268145305,0.3840214036761216,0.05261030748150433,0.012029279766715417
clean,0,none,none,,efficientnet_b0,42,0.0,0.0,0.0,0.0,0.0,0.0,0.0
clean,0,none,none,,efficientnet_b0,123,0.0,0.0,0.0,0.0,0.0,0.0,0.0
clean,0,none,none,,efficientnet_b0,2024,0.0,0.0,0.0,0.0,0.0,0.0,0.0
clean,0,none,none,,resnet50,42,0.0,0.0,0.0,0.0,0.0,0.0,0.0
clean,0,none,none,,resnet50,123,0.0,0.0,0.0,0.0,0.0,0.0,0.0
clean,0,none,none,,resnet50,2024,0.0,0.0,0.0,0.0,0.0,0.0,0.0
clean,0,none,none,,xception,42,0.0,0.0,0.0,0.0,0.0,0.0,0.0
clean,0,none,none,,xception,123,0.0,0.0,0.0,0.0,0.0,0.0,0.0
clean,0,none,none,,xception,2024,0.0,0.0,0.0,0.0,0.0,0.0,0.0
jpeg,1,none,quality,80.0,efficientnet_b0,42,-0.08349325034821246,-0.00507873007221305,0.0875680768172491,-0.004368622916724014,-0.0027563790015430996,-0.16261787777970085,-0.13044752103037371
jpeg,1,none,quality,80.0,efficientnet_b0,123,-0.09233263931546691,-0.016325293650392144,0.10137379260731194,-0.019442182479404043,-0.0017855294389560999,-0.16522309615152977,-0.09299626759366643
jpeg,1,none,quality,80.0,efficientnet_b0,2024,-0.09759759101333654,-0.01623031678891315,0.10670155673943667,-0.008315435555040123,-0.007894262550865802,-0.18687974647163297,-0.09671539231264736
jpeg,1,none,quality,80.0,resnet50,42,-0.07983672518098855,-0.0123459713813589,0.08269045074774545,-0.02009317737161667,-0.003700966092362954,-0.13958027299036044,-0.10337026318653902
jpeg,1,none,quality,80.0,resnet50,123,-0.06264273656851234,-0.021169922218810103,0.06539975438506625,-0.017322145742783495,-0.0004378523102145,-0.10796332739424115,-0.05116653199333643
jpeg,1,none,quality,80.0,resnet50,2024,-0.08124814486675554,-0.00608575374058455,0.09041368445719115,-0.004275375161315352,-0.001628754095179,-0.15822091457219575,-0.16842059850767577
jpeg,1,none,quality,80.0,xception,42,-0.09481393860011171,-0.007279363403865349,0.09481393860011171,-0.010166443832639092,-0.00362175865958995,-0.17946143336758438,-0.06139631996100954
jpeg,1,none,quality,80.0,xception,123,-0.09496873059767043,-0.005878837502721002,0.09808624850211922,-0.0064431046580052465,-0.0017195814664475997,-0.18349435653733562,-0.07812759694470978
jpeg,1,none,quality,80.0,xception,2024,-0.08534708074720433,-0.0128465402147068,0.08932882009984962,-0.010945324875128311,-0.007460857925058,-0.15974883661928038,-0.022739272743713235
jpeg,2,none,quality,50.0,efficientnet_b0,42,-0.20771804764543808,-0.01730520174747045,0.22462429338971532,-0.0032765718701072265,-0.0034313965725607937,-0.4121595234207689,-0.32274391932925417
jpeg,2,none,quality,50.0,efficientnet_b0,123,-0.23048575032623522,-0.04644406750602125,0.25917932027558516,-0.027191724624537467,-0.002545599996197,-0.43377977602793294,-0.52557299455501
jpeg,2,none,quality,50.0,efficientnet_b0,2024,-0.22360371764603185,-0.04236747510242089,0.2551334234322793,-0.015379817188326058,-0.0168027638670279,-0.43182761810373765,-0.5557812214629794
jpeg,2,none,quality,50.0,resnet50,42,-0.27424500398678026,-0.0823082290037849,0.27597302295676757,-0.05978571930608902,-0.0184374356331792,-0.48870428866747145,-0.6139204470072972
jpeg,2,none,quality,50.0,resnet50,123,-0.25803030981168623,-0.06648184526143625,0.2643430096182386,-0.04574837484028793,-0.00460854195597465,-0.47031224478308437,-0.5495879625980282
jpeg,2,none,quality,50.0,resnet50,2024,-0.2301130047550443,-0.063764808249539,0.24528270363625873,-0.012049020442300539,-0.00267521205030425,-0.4481769890677881,-0.5009976847951438
jpeg,2,none,quality,50.0,xception,42,-0.3019659011661144,-0.07365829956913955,0.3019673309010753,-0.03589129713074274,-0.0148785131144221,-0.5680405052014861,-0.7119279883809448
jpeg,2,none,quality,50.0,xception,123,-0.27422157382895,-0.020475244982050517,0.277928304039461,-0.01575328965525533,-0.014427184961077179,-0.5326898580026448,-0.6966005602829408
jpeg,2,none,quality,50.0,xception,2024,-0.2756636820376906,-0.038420475491502445,0.2756663562675276,-0.04501129550015006,-0.024344367358953647,-0.5063160685752311,-0.6400906400587483
jpeg,3,none,quality,20.0,efficientnet_b0,42,-0.3315067449624309,-0.11152998258328636,0.3318694883770675,-0.056029732743434126,-0.006001016207983477,-0.6069837571814277,-0.6821229951415184
jpeg,3,none,quality,20.0,efficientnet_b0,123,-0.23679944493336139,-0.1020710553298248,0.2907495838906562,-0.01602311127265447,-0.00147073731314785,-0.45757577859406834,-0.3662635062704526
jpeg,3,none,quality,20.0,efficientnet_b0,2024,-0.28878737266455756,-0.06246481906007435,0.31752486009675635,-0.0288955135259799,-0.0216187589922163,-0.5486792318031354,-0.6864229313772692
jpeg,3,none,quality,20.0,resnet50,42,-0.46888272753744836,-0.5895054248411611,0.4688888911170512,-0.1222876602659797,-0.04303343914837513,-0.815477794808917,-0.8656797259868169
jpeg,3,none,quality,20.0,resnet50,123,-0.4810775828358851,-0.5636026338899189,0.48222368002352156,-0.14257912210080456,-0.027827881069485798,-0.8195760435709656,-0.8877777945584925
jpeg,3,none,quality,20.0,resnet50,2024,-0.39936559685937384,-0.26162971093447496,0.40024403110992557,-0.04576654462058116,-0.003597222651652266,-0.7529646490981664,-0.8835610435907587
jpeg,3,none,quality,20.0,xception,42,-0.4515075666412786,-0.39340878062927775,0.4536570767980614,-0.09111738236758478,-0.007719847768350038,-0.8118977509149724,-0.8642813042477147
jpeg,3,none,quality,20.0,xception,123,-0.44950216383283625,-0.2026281169981673,0.44950235355800355,-0.10291249843033051,-0.01884979773917389,-0.7960918292353422,-0.9282666326573434
jpeg,3,none,quality,20.0,xception,2024,-0.4949120404703667,-0.5458028672656543,0.494920875325832,-0.0851892195560136,-0.026195225623243692,-0.90463486138472,-0.9364921442430646
resize,1,none,scale,0.75,efficientnet_b0,42,0.06387543696476398,0.0046883021038537,0.06849974605907949,0.0748032995839438,0.005662964848027653,0.05294757434558416,0.0020036994618831683
resize,1,none,scale,0.75,efficientnet_b0,123,0.07555671831463047,0.002113964685801828,0.08588626570771829,0.08512193148920726,0.026877133138020304,0.06599150514005371,0.001019419834771329
resize,1,none,scale,0.75,efficientnet_b0,2024,0.07279584626335754,0.01567651238596425,0.07527809484078794,0.1031189548931744,0.04867550263145211,0.042472737633540675,0.0032150482514644585
resize,1,none,scale,0.75,resnet50,42,0.10982996584691891,0.03279726682949663,0.11225180418882176,0.1638850300004804,0.04827689963344567,0.055774901693357436,0.026245890998843113
resize,1,none,scale,0.75,resnet50,123,0.10778819974002628,0.024911213179875435,0.10848771608348713,0.1667787504700543,0.060357895243602494,0.04879764900999826,0.015172320202731682
resize,1,none,scale,0.75,resnet50,2024,0.10483649107321312,0.015884082229827394,0.1115314054380857,0.12155533336035673,0.02876650147758119,0.08811764878606952,0.005518707544908186
resize,1,none,scale,0.75,xception,42,0.11237508305088852,0.007573298196486295,0.11237508305088852,0.14761383259049224,0.013916498657061755,0.0771363335112848,0.00565825888732574
resize,1,none,scale,0.75,xception,123,0.05489663280797031,0.005666812002184517,0.0558946685333109,0.08669886350989175,0.013663672713012004,0.02309440210604886,0.0010483339572617822
resize,1,none,scale,0.75,xception,2024,0.07301558725712397,0.0032678727480604935,0.07573222981527908,0.10692278804215831,0.016363241974256246,0.03910838647208961,0.0004644058490541614
resize,2,none,scale,0.5,efficientnet_b0,42,0.07947787512461761,0.012975084139594549,0.08727098343206315,0.11177541161808029,0.01908575427894766,0.04718033863115495,0.0020475142672168323
resize,2,none,scale,0.5,efficientnet_b0,123,0.0801044961401398,0.0047094993368897616,0.10120298386367414,0.11820841049533709,0.0578476838340696,0.04200058178494248,0.0034820490280353944
resize,2,none,scale,0.5,efficientnet_b0,2024,0.09072700171821829,0.025752764636954827,0.09555302082052664,0.16262815541916012,0.09648141311684061,0.018825848017276464,0.0
resize,2,none,scale,0.5,resnet50,42,0.14158848917654812,0.04672090575193442,0.1460027698466928,0.21769700104651005,0.10123624468583117,0.06547997730658618,0.02537879215926503
resize,2,none,scale,0.5,resnet50,123,0.141590860956836,0.05360384481094793,0.14254810988683692,0.23079744922854215,0.1193499321707246,0.05238427268512988,0.015442374821572014
resize,2,none,scale,0.5,resnet50,2024,0.14873624132412944,0.040213517254611114,0.1519693399403166,0.18128182785582228,0.10317795325560661,0.11619065479243658,0.01656067393911609
resize,2,none,scale,0.5,xception,42,0.14318138973229314,0.027778557467942222,0.14318138973229314,0.20161528854726518,0.05546804657900231,0.0847474909173211,0.01566245143763728
resize,2,none,scale,0.5,xception,123,0.06295064104914255,0.0021520434928222593,0.07705321255692459,0.13137371840620649,0.02803532251836511,-0.00547243630792139,7.5005894475399515e-06
resize,2,none,scale,0.5,xception,2024,0.09715648423265717,0.005727432542399298,0.0998508156259011,0.16365921564227034,0.05205315788350029,0.030653752823044,0.0023330572654889914
resize,3,none,scale,0.25,efficientnet_b0,42,0.08505513506482831,0.008334849378865184,0.11749254104829097,0.17818922804910545,0.03978736068352452,-0.008078957919448872,0.0023657079848019014
resize,3,none,scale,0.25,efficientnet_b0,123,0.009716130043241672,0.00612781858667325,0.133952502214546,0.13194885095743666,0.08991975066611285,-0.11251659087095334,-0.03226188883968689
resize,3,none,scale,0.25,efficientnet_b0,2024,0.05022662498518576,0.011514056323175037,0.161380985610468,0.2096886012084579,0.1540756494802037,-0.10923535123808638,-0.11388099136051605
resize,3,none,scale,0.25,resnet50,42,0.06509825929188379,0.01781882326558772,0.13728339878715115,0.16877001958912685,0.14351085022250173,-0.038573501005359286,-0.010821424102095967
resize,3,none,scale,0.25,resnet50,123,0.08582023223788664,0.02848894700878852,0.17231440964045333,0.2285367380566147,0.21236747445533563,-0.05689627358084143,-0.008107189959727201
resize,3,none,scale,0.25,resnet50,2024,0.07695363466863825,0.017507338999007423,0.1462031673882981,0.15263662405141504,0.13071906861206803,0.0012706452858614649,-0.026424515774899793
resize,3,none,scale,0.25,xception,42,0.12273317306184472,0.03079362849512685,0.14605710304173292,0.2309551078097436,0.10079623924076644,0.014511238313945884,0.0012844821858113975
resize,3,none,scale,0.25,xception,123,-0.020284493134835047,0.00406784526802245,0.14128692090440237,0.11905090119543237,0.04661674625889295,-0.15961988746510244,-0.044708051175952335
resize,3,none,scale,0.25,xception,2024,0.02513796079095024,0.001543481356062506,0.12962345767401276,0.14715593321906137,0.0586840893966301,-0.09688001163716091,-0.005559839313085013
