model,transformation,localization_metric,faithfulness_method,n,rho,p_raw,p_bh
xception,brightening_sev1,SO,blur,12,0.25874125874125875,0.41677476889913817,0.9484022252365223
xception,brightening_sev1,IoU,blur,12,0.27272727272727276,0.39109677094189615,0.9348062465028856
xception,brightening_sev1,saliency_mass,blur,12,0.25874125874125875,0.41677476889913817,0.9692923252749204
xception,brightening_sev2,SO,blur,12,-0.10489510489510491,0.7456094809807079,0.9484022252365223
xception,brightening_sev2,IoU,blur,12,-0.0979020979020979,0.7621216559962992,0.9348062465028856
xception,brightening_sev2,saliency_mass,blur,12,-0.10489510489510491,0.7456094809807079,0.9692923252749204
xception,brightening_sev3,SO,blur,12,-0.02097902097902098,0.9484022252365222,0.9484022252365223
xception,brightening_sev3,IoU,blur,12,-0.02097902097902098,0.9484022252365222,0.9484022252365223
xception,brightening_sev3,saliency_mass,blur,12,0.006993006993006993,0.9827917689028476,0.9827917689028476
xception,clean,SO,blur,12,-0.06993006993006995,0.8290236405313092,0.9484022252365223
xception,clean,IoU,blur,12,-0.1188811188811189,0.712884219214772,0.9348062465028856
xception,clean,saliency_mass,blur,12,-0.04195804195804196,0.8969858708195542,0.9717346933878503
xception,darkening_sev1,SO,blur,12,-0.04195804195804196,0.8969858708195542,0.9484022252365223
xception,darkening_sev1,IoU,blur,12,-0.055944055944055944,0.8628980736949713,0.9348062465028856
xception,darkening_sev1,saliency_mass,blur,12,-0.04195804195804196,0.8969858708195542,0.9717346933878503
xception,darkening_sev2,SO,blur,12,-0.15384615384615385,0.6330906812462617,0.9484022252365223
xception,darkening_sev2,IoU,blur,12,-0.25874125874125875,0.41677476889913817,0.9348062465028856
xception,darkening_sev2,saliency_mass,blur,12,-0.1258741258741259,0.696683109395766,0.9692923252749204
xception,darkening_sev3,SO,blur,12,-0.1188811188811189,0.712884219214772,0.9484022252365223
xception,darkening_sev3,IoU,blur,12,-0.08391608391608392,0.7954145018538978,0.9348062465028856
xception,darkening_sev3,saliency_mass,blur,12,-0.18181818181818185,0.5717012385276553,0.9692923252749204
xception,jpeg_sev1,SO,blur,12,-0.2937062937062937,0.3541476412329215,0.9484022252365223
xception,jpeg_sev1,IoU,blur,12,-0.37762237762237766,0.22620604493502647,0.9348062465028856
xception,jpeg_sev1,saliency_mass,blur,12,-0.2867132867132868,0.36625146058358227,0.9692923252749204
xception,jpeg_sev2,SO,blur,12,-0.5734265734265735,0.05126558978649151,0.33322633361219484
xception,jpeg_sev2,IoU,blur,12,-0.5734265734265735,0.05126558978649151,0.6664526672243897
xception,jpeg_sev2,saliency_mass,blur,12,-0.6153846153846154,0.033169901090105904,0.38083159002568967
xception,jpeg_sev3,SO,blur,12,0.07692307692307693,0.8121826980280591,0.9484022252365223
xception,jpeg_sev3,IoU,blur,12,0.06293706293706294,0.8459309212287789,0.9348062465028856
xception,jpeg_sev3,saliency_mass,blur,12,0.1398601398601399,0.6646331617926677,0.9692923252749204
xception,resize_sev1,SO,blur,12,0.2657342657342658,0.4038330883147116,0.9484022252365223
xception,resize_sev1,IoU,blur,12,0.2447552447552448,0.44326193645018325,0.9348062465028856
xception,resize_sev1,saliency_mass,blur,12,0.2517482517482518,0.4299187850328841,0.9692923252749204
xception,resize_sev2,SO,blur,12,0.16783216783216784,0.6020994277865379,0.9484022252365223
xception,resize_sev2,IoU,blur,12,0.18181818181818185,0.5717012385276553,0.9348062465028856
xception,resize_sev2,saliency_mass,blur,12,0.17482517482517487,0.5868236643627043,0.9692923252749204
xception,resize_sev3,SO,blur,12,0.5734265734265735,0.05126558978649151,0.33322633361219484
xception,resize_sev3,IoU,blur,12,0.4685314685314686,0.12445479118883407,0.8089561427274214
xception,resize_sev3,saliency_mass,blur,12,0.5594405594405596,0.05858947538856764,0.38083159002568967
efficientnet_b0,brightening_sev1,SO,blur,12,-0.6573426573426573,0.020185498509854093,0.06757955465976832
efficientnet_b0,brightening_sev1,IoU,blur,12,-0.6643356643356644,0.01845271802844544,0.10088743911251548
efficientnet_b0,brightening_sev1,saliency_mass,blur,12,-0.6433566433566434,0.024003191200713647,0.10401382853642581
efficientnet_b0,brightening_sev2,SO,blur,12,-0.5314685314685316,0.07536233505348361,0.09797103556952869
efficientnet_b0,brightening_sev2,IoU,blur,12,-0.4685314685314686,0.12445479118883407,0.16179122854548428
efficientnet_b0,brightening_sev2,saliency_mass,blur,12,-0.5174825174825175,0.08486877113393476,0.12987539688158992
efficientnet_b0,brightening_sev3,SO,blur,12,-0.2937062937062937,0.3541476412329215,0.3836599446689983
efficientnet_b0,brightening_sev3,IoU,blur,12,-0.16083916083916086,0.6175234895401425,0.6646331617926677
efficientnet_b0,brightening_sev3,saliency_mass,blur,12,-0.41958041958041964,0.1745190081300594,0.22687471056907724
efficientnet_b0,clean,SO,blur,12,-0.6970238359966545,0.011760970883598036,0.06757955465976832
efficientnet_b0,clean,IoU,blur,12,-0.5849396010625192,0.04573907441011205,0.10088743911251548
efficientnet_b0,clean,saliency_mass,blur,12,-0.6584948802380455,0.019892133524913678,0.10401382853642581
efficientnet_b0,darkening_sev1,SO,blur,12,-0.6024527627709778,0.03815947554942024,0.08267886369041051
efficientnet_b0,darkening_sev1,IoU,blur,12,-0.5394053806205267,0.0703055633516462,0.10155248039682228
efficientnet_b0,darkening_sev1,saliency_mass,blur,12,-0.6619975125797373,0.019019455833880428,0.10401382853642581
efficientnet_b0,darkening_sev2,SO,blur,12,-0.6164632921377448,0.03277603808376062,0.08267886369041051
efficientnet_b0,darkening_sev2,IoU,blur,12,-0.54641064530391,0.06604060406823516,0.10155248039682228
efficientnet_b0,darkening_sev2,saliency_mass,blur,12,-0.6094580274543612,0.035394645466878934,0.11503259776735654
efficientnet_b0,darkening_sev3,SO,blur,12,-0.6643356643356644,0.01845271802844544,0.06757955465976832
efficientnet_b0,darkening_sev3,IoU,blur,12,-0.6503496503496504,0.022034190932365316,0.10088743911251548
efficientnet_b0,darkening_sev3,saliency_mass,blur,12,-0.5314685314685316,0.07536233505348361,0.12987539688158992
efficientnet_b0,jpeg_sev1,SO,blur,12,-0.5604211746706771,0.05805354965814072,0.08385512728398103
efficientnet_b0,jpeg_sev1,IoU,blur,12,-0.5674264393540605,0.05432400567596987,0.10088743911251548
efficientnet_b0,jpeg_sev1,saliency_mass,blur,12,-0.5394053806205267,0.0703055633516462,0.12987539688158992
efficientnet_b0,jpeg_sev2,SO,blur,12,0.1958041958041958,0.5419358857313173,0.5419358857313173
efficientnet_b0,jpeg_sev2,IoU,blur,12,0.1398601398601399,0.6646331617926677,0.6646331617926677
efficientnet_b0,jpeg_sev2,saliency_mass,blur,12,0.16783216783216784,0.6020994277865379,0.6020994277865379
efficientnet_b0,jpeg_sev3,SO,blur,12,0.5674264393540605,0.05432400567596987,0.08385512728398103
efficientnet_b0,jpeg_sev3,IoU,blur,12,0.574431704037444,0.05076533466057095,0.10088743911251548
efficientnet_b0,jpeg_sev3,saliency_mass,blur,12,0.5104895104895105,0.08991373630263919,0.12987539688158992
efficientnet_b0,resize_sev1,SO,blur,12,-0.6549922478963537,0.02079370912608256,0.06757955465976832
efficientnet_b0,resize_sev1,IoU,blur,12,-0.612960659796053,0.03406733166335623,0.10088743911251548
efficientnet_b0,resize_sev1,saliency_mass,blur,12,-0.5148869542286845,0.0867182974439261,0.12987539688158992
efficientnet_b0,resize_sev2,SO,blur,12,-0.5814369687208275,0.04737359617187987,0.08385512728398103
efficientnet_b0,resize_sev2,IoU,blur,12,-0.5814369687208275,0.04737359617187987,0.10088743911251548
efficientnet_b0,resize_sev2,saliency_mass,blur,12,-0.3712790282193235,0.23473669062919858,0.25429808151496514
efficientnet_b0,resize_sev3,SO,blur,12,-0.3426573426573427,0.2755674509567803,0.3256706238580131
efficientnet_b0,resize_sev3,IoU,blur,12,-0.31468531468531474,0.31913878550330455,0.3771640192311781
efficientnet_b0,resize_sev3,saliency_mass,blur,12,-0.39860139860139865,0.19933549461780897,0.23557831182104697
resnet50,brightening_sev1,SO,blur,12,-0.4265734265734266,0.16669998762494498,0.5671867764226931
resnet50,brightening_sev1,IoU,blur,12,-0.35664335664335667,0.2551377517589572,0.807743604395767
resnet50,brightening_sev1,saliency_mass,blur,12,-0.4265734265734266,0.16669998762494498,0.4334199678248569
resnet50,brightening_sev2,SO,blur,12,-0.6153846153846154,0.033169901090105904,0.21560435708568837
resnet50,brightening_sev2,IoU,blur,12,-0.5104895104895105,0.08991373630263919,0.5844392859671547
resnet50,brightening_sev2,saliency_mass,blur,12,-0.5664335664335665,0.054842119775407906,0.3564737785401514
resnet50,brightening_sev3,SO,blur,12,-0.2797202797202798,0.37856866966230307,0.6357256363929297
resnet50,brightening_sev3,IoU,blur,12,-0.22377622377622378,0.4844516614553987,0.807743604395767
resnet50,brightening_sev3,saliency_mass,blur,12,-0.2797202797202798,0.37856866966230307,0.6986180256784367
resnet50,clean,SO,blur,12,-0.18881118881118883,0.5567370561768314,0.6357256363929297
resnet50,clean,IoU,blur,12,-0.11188811188811189,0.729194990751066,0.807743604395767
resnet50,clean,saliency_mass,blur,12,-0.15384615384615385,0.6330906812462617,0.7481980778364911
resnet50,darkening_sev1,SO,blur,12,-0.2517482517482518,0.4299187850328841,0.6357256363929297
resnet50,darkening_sev1,IoU,blur,12,-0.22377622377622378,0.4844516614553987,0.807743604395767
resnet50,darkening_sev1,saliency_mass,blur,12,-0.2517482517482518,0.4299187850328841,0.6986180256784367
resnet50,darkening_sev2,SO,blur,12,-0.25874125874125875,0.41677476889913817,0.6357256363929297
resnet50,darkening_sev2,IoU,blur,12,-0.10489510489510491,0.7456094809807079,0.807743604395767
resnet50,darkening_sev2,saliency_mass,blur,12,-0.2517482517482518,0.4299187850328841,0.6986180256784367
resnet50,darkening_sev3,SO,blur,12,-0.32867132867132864,0.2969041156887641,0.6357256363929297
resnet50,darkening_sev3,IoU,blur,12,-0.1958041958041958,0.5419358857313173,0.807743604395767
resnet50,darkening_sev3,saliency_mass,blur,12,-0.4895104895104896,0.10625237175934595,0.4334199678248569
resnet50,jpeg_sev1,SO,blur,12,-0.14685314685314685,0.6487957097846665,0.6487957097846665
resnet50,jpeg_sev1,IoU,blur,12,-0.06993006993006995,0.8290236405313092,0.8290236405313092
resnet50,jpeg_sev1,saliency_mass,blur,12,-0.11188811188811189,0.729194990751066,0.7787253962454419
resnet50,jpeg_sev2,SO,blur,12,-0.41958041958041964,0.1745190081300594,0.5671867764226931
resnet50,jpeg_sev2,IoU,blur,12,-0.4055944055944056,0.19083587400450036,0.807743604395767
resnet50,jpeg_sev2,saliency_mass,blur,12,-0.44055944055944063,0.1517350357167303,0.4334199678248569
resnet50,jpeg_sev3,SO,blur,12,-0.8671328671328673,0.00025981184986148103,0.0033775540481992532
resnet50,jpeg_sev3,IoU,blur,12,-0.8321678321678322,0.0007854416778536133,0.010210741812096974
resnet50,jpeg_sev3,saliency_mass,blur,12,-0.8741258741258742,0.00020071307332423182,0.002609269953215014
resnet50,resize_sev1,SO,blur,12,-0.17482517482517487,0.5868236643627043,0.6357256363929297
resnet50,resize_sev1,IoU,blur,12,-0.1398601398601399,0.6646331617926677,0.807743604395767
resnet50,resize_sev1,saliency_mass,blur,12,-0.17482517482517487,0.5868236643627043,0.7481980778364911
resnet50,resize_sev2,SO,blur,12,-0.17482517482517487,0.5868236643627043,0.6357256363929297
resnet50,resize_sev2,IoU,blur,12,-0.1398601398601399,0.6646331617926677,0.807743604395767
resnet50,resize_sev2,saliency_mass,blur,12,-0.17482517482517487,0.5868236643627043,0.7481980778364911
resnet50,resize_sev3,SO,blur,12,-0.22377622377622378,0.4844516614553987,0.6357256363929297
resnet50,resize_sev3,IoU,blur,12,-0.2027972027972028,0.5273023541661079,0.807743604395767
resnet50,resize_sev3,saliency_mass,blur,12,-0.09090909090909093,0.7787253962454419,0.7787253962454419
